#
# There is insufficient memory for the Java Runtime Environment to continue.
# Native memory allocation (malloc) failed to allocate 2217304 bytes. Error detail: Chunk::new
# Possible reasons:
#   The system is out of physical RAM or swap space
#   This process is running with CompressedOops enabled, and the Java Heap may be blocking the growth of the native heap
# Possible solutions:
#   Reduce memory load on the system
#   Increase physical memory or swap space
#   Check if swap backing store is full
#   Decrease Java heap size (-Xmx/-Xms)
#   Decrease number of Java threads
#   Decrease Java thread stack sizes (-Xss)
#   Set larger code cache with -XX:ReservedCodeCacheSize=
#   JVM is running with Unscaled Compressed Oops mode in which the Java heap is
#     placed in the first 4GB address space. The Java Heap base address is the
#     maximum limit for the native heap growth. Please use -XX:HeapBaseMinAddress
#     to set the Java Heap base and to place the Java Heap above 4GB virtual address.
# This output file may be truncated or incomplete.
#
#  Out of Memory Error (arena.cpp:186), pid=15308, tid=17648
#
# JRE version: OpenJDK Runtime Environment (25.0.2) (build 25.0.2+-15348964-b329.117)
# Java VM: OpenJDK 64-Bit Server VM (25.0.2+-15348964-b329.117, mixed mode, tiered, compressed oops, compressed class ptrs, g1 gc, windows-amd64)
# No core dump will be written. Minidumps are not enabled by default on client versions of Windows
#

---------------  S U M M A R Y ------------

Command Line: --add-opens=java.base/java.lang=ALL-UNNAMED --add-opens=java.base/java.lang.invoke=ALL-UNNAMED --add-opens=java.base/java.util=ALL-UNNAMED --add-opens=java.prefs/java.util.prefs=ALL-UNNAMED --add-exports=jdk.compiler/com.sun.tools.javac.api=ALL-UNNAMED --add-exports=jdk.compiler/com.sun.tools.javac.util=ALL-UNNAMED --add-opens=java.base/java.nio.charset=ALL-UNNAMED --add-opens=java.base/java.net=ALL-UNNAMED --add-opens=java.base/java.util.concurrent=ALL-UNNAMED --add-opens=java.base/java.util.concurrent.atomic=ALL-UNNAMED --add-opens=java.xml/javax.xml.namespace=ALL-UNNAMED --add-opens=java.base/java.time=ALL-UNNAMED --enable-native-access=ALL-UNNAMED -Xmx2048m -Dfile.encoding=UTF-8 -Duser.country=CL -Duser.language=es -Duser.variant -javaagent:C:\Users\Alumno\.gradle\wrapper\dists\gradle-9.5.0-bin\bvnork1r7n8i6kp5cnkibsc9q\gradle-9.5.0\lib\agents\gradle-instrumentation-agent-9.5.0.jar org.gradle.launcher.daemon.bootstrap.GradleDaemon 9.5.0

Host: Intel(R) Pentium(R) CPU 4415U @ 2.30GHz, 4 cores, 3G,  Windows 10 , 64 bit Build 19041 (10.0.19041.5915)
Time: Sat Aug 22 13:21:35 2026 Hora est. Sudamérica Pacífico elapsed time: 94.027756 seconds (0d 0h 1m 34s)

---------------  T H R E A D  ---------------

Current thread (0x00000234a00977d0):  JavaThread "C2 CompilerThread0" daemon [_thread_in_native, id=17648, stack(0x000000ae1b600000,0x000000ae1b700000) (1024K)]


Current CompileTask:
C2:94028 13990       4       org.gradle.api.internal.artifacts.ivyservice.ivyresolve.parser.PomDomParser::getFirstChildElement (70 bytes)

Stack: [0x000000ae1b600000,0x000000ae1b700000]
Native frames: (J=compiled Java code, j=interpreted, Vv=VM code, C=native code)
V  [jvm.dll+0x7bd439]  (no source info available)
V  [jvm.dll+0x78763d]  (no source info available)
V  [jvm.dll+0xa0c885]  (no source info available)
V  [jvm.dll+0xa0ef04]  (no source info available)
V  [jvm.dll+0xa0f603]  (no source info available)
V  [jvm.dll+0x309bf6]  (no source info available)
V  [jvm.dll+0x10ea69]  (no source info available)
V  [jvm.dll+0x10ed92]  (no source info available)
V  [jvm.dll+0x1a9837]  (no source info available)
V  [jvm.dll+0x3bec92]  (no source info available)
V  [jvm.dll+0x7c2cb7]  (no source info available)
V  [jvm.dll+0x2ce046]  (no source info available)
V  [jvm.dll+0x2cd221]  (no source info available)
V  [jvm.dll+0x242ffa]  (no source info available)
V  [jvm.dll+0x2dcc05]  (no source info available)
V  [jvm.dll+0x2dae06]  (no source info available)
V  [jvm.dll+0x49b59e]  (no source info available)
V  [jvm.dll+0x9ab9c8]  (no source info available)
V  [jvm.dll+0x7bb985]  (no source info available)
C  [ucrtbase.dll+0x21bb2]  (no source info available)
C  [KERNEL32.DLL+0x17374]  (no source info available)
C  [ntdll.dll+0x4cc91]  (no source info available)

Lock stack of current Java thread (top to bottom):


---------------  P R O C E S S  ---------------

Threads class SMR info:
_java_thread_list=0x00000234aa5ff840, length=79, elements={
0x0000023486ad2de0, 0x00000234a007ecf0, 0x00000234a007f990, 0x00000234a0080a40,
0x00000234a00919e0, 0x00000234a00921a0, 0x00000234a0094970, 0x00000234a00958d0,
0x00000234a00977d0, 0x00000234a00b8750, 0x00000234a0536e50, 0x00000234a64c5b20,
0x00000234a685a100, 0x00000234a77b9120, 0x00000234a76d39d0, 0x00000234a76d4190,
0x00000234a5b292d0, 0x00000234a5b2b9e0, 0x00000234a5b24c80, 0x00000234a5b244b0,
0x00000234a5b28330, 0x00000234a5b25450, 0x00000234a5b26bc0, 0x00000234a0875170,
0x00000234a0878050, 0x00000234a7434670, 0x00000234a742f850, 0x00000234a7431790,
0x00000234a74307f0, 0x00000234a7432730, 0x00000234a74336d0, 0x00000234a7431f60,
0x00000234a7430020, 0x00000234a620c590, 0x00000234a6206fa0, 0x00000234a6209e80,
0x00000234a6e558a0, 0x00000234a6e54130, 0x00000234a6e54900, 0x00000234a6e550d0,
0x00000234aaf23c60, 0x00000234aaf24430, 0x00000234aaf1f610, 0x00000234aaf205b0,
0x00000234aaf21d20, 0x00000234aaf1fde0, 0x00000234aaf25ba0, 0x00000234aaf20d80,
0x00000234aaf26370, 0x00000234aaf253d0, 0x00000234aaf1ee40, 0x00000234aaf224f0,
0x00000234aaf22cc0, 0x00000234aaf23490, 0x00000234aa635760, 0x00000234aa631110,
0x00000234aa6318e0, 0x00000234aa635f30, 0x00000234aa62ea00, 0x00000234aa633820,
0x00000234aa6320b0, 0x00000234aa632880, 0x00000234aa633050, 0x00000234aa62f9a0,
0x00000234aa62f1d0, 0x00000234aa630170, 0x00000234aa633ff0, 0x00000234aa6347c0,
0x00000234aa634f90, 0x00000234aa630940, 0x00000234aac268b0, 0x00000234aac2bea0,
0x00000234aac27080, 0x00000234aac2a730, 0x00000234aac287f0, 0x00000234aac28020,
0x00000234aac2b6d0, 0x00000234aac2c670, 0x00000234aac27850
}

Java Threads: ( => current thread )
  0x0000023486ad2de0 JavaThread "main"                              [_thread_blocked, id=12236, stack(0x000000ae1a700000,0x000000ae1a800000) (1024K)]
  0x00000234a007ecf0 JavaThread "Common-Cleaner"             daemon [_thread_blocked, id=2012, stack(0x000000ae1af00000,0x000000ae1b000000) (1024K)]
  0x00000234a007f990 JavaThread "Reference Handler"          daemon [_thread_blocked, id=14880, stack(0x000000ae1b000000,0x000000ae1b100000) (1024K)]
  0x00000234a0080a40 JavaThread "Finalizer"                  daemon [_thread_blocked, id=11068, stack(0x000000ae1b100000,0x000000ae1b200000) (1024K)]
  0x00000234a00919e0 JavaThread "Signal Dispatcher"          daemon [_thread_blocked, id=4904, stack(0x000000ae1b200000,0x000000ae1b300000) (1024K)]
  0x00000234a00921a0 JavaThread "Attach Listener"            daemon [_thread_blocked, id=13828, stack(0x000000ae1b300000,0x000000ae1b400000) (1024K)]
  0x00000234a0094970 JavaThread "Service Thread"             daemon [_thread_blocked, id=10136, stack(0x000000ae1b400000,0x000000ae1b500000) (1024K)]
  0x00000234a00958d0 JavaThread "Monitor Deflation Thread"   daemon [_thread_blocked, id=12260, stack(0x000000ae1b500000,0x000000ae1b600000) (1024K)]
=>0x00000234a00977d0 JavaThread "C2 CompilerThread0"         daemon [_thread_in_native, id=17648, stack(0x000000ae1b600000,0x000000ae1b700000) (1024K)]
  0x00000234a00b8750 JavaThread "C1 CompilerThread0"         daemon [_thread_blocked, id=12180, stack(0x000000ae1b700000,0x000000ae1b800000) (1024K)]
  0x00000234a0536e50 JavaThread "Notification Thread"        daemon [_thread_blocked, id=10964, stack(0x000000ae1b800000,0x000000ae1b900000) (1024K)]
  0x00000234a64c5b20 JavaThread "Daemon health stats"               [_thread_blocked, id=6660, stack(0x000000ae1bc00000,0x000000ae1bd00000) (1024K)]
  0x00000234a685a100 JavaThread "Incoming local TCP Connector on port 54533"        [_thread_in_native, id=17192, stack(0x000000ae1bd00000,0x000000ae1be00000) (1024K)]
  0x00000234a77b9120 JavaThread "Daemon periodic checks"            [_thread_blocked, id=3264, stack(0x000000ae1be00000,0x000000ae1bf00000) (1024K)]
  0x00000234a76d39d0 JavaThread "Daemon"                            [_thread_blocked, id=18288, stack(0x000000ae1bf00000,0x000000ae1c000000) (1024K)]
  0x00000234a76d4190 JavaThread "Handler for socket connection from /127.0.0.1:54533 to /127.0.0.1:54534"        [_thread_in_native, id=7500, stack(0x000000ae1c000000,0x000000ae1c100000) (1024K)]
  0x00000234a5b292d0 JavaThread "Cancel handler"                    [_thread_blocked, id=7152, stack(0x000000ae1c100000,0x000000ae1c200000) (1024K)]
  0x00000234a5b2b9e0 JavaThread "Daemon worker"                     [_thread_blocked, id=19064, stack(0x000000ae1c200000,0x000000ae1c300000) (1024K)]
  0x00000234a5b24c80 JavaThread "Asynchronous log dispatcher for DefaultDaemonConnection: socket connection from /127.0.0.1:54533 to /127.0.0.1:54534"        [_thread_blocked, id=16164, stack(0x000000ae1c300000,0x000000ae1c400000) (1024K)]
  0x00000234a5b244b0 JavaThread "Stdin handler"                     [_thread_blocked, id=17944, stack(0x000000ae1c400000,0x000000ae1c500000) (1024K)]
  0x00000234a5b28330 JavaThread "Daemon client event forwarder"        [_thread_blocked, id=9272, stack(0x000000ae1c500000,0x000000ae1c600000) (1024K)]
  0x00000234a5b25450 JavaThread "Cache worker for journal cache (C:\Users\Alumno\.gradle\caches\journal-1)"        [_thread_blocked, id=8816, stack(0x000000ae1c600000,0x000000ae1c700000) (1024K)]
  0x00000234a5b26bc0 JavaThread "File lock request listener"        [_thread_in_native, id=9344, stack(0x000000ae1c700000,0x000000ae1c800000) (1024K)]
  0x00000234a0875170 JavaThread "Cache worker for file hash cache (C:\Users\Alumno\.gradle\caches\9.5.0\fileHashes)"        [_thread_blocked, id=17796, stack(0x000000ae1c800000,0x000000ae1c900000) (1024K)]
  0x00000234a0878050 JavaThread "Cache worker for file hash cache (C:\Users\Alumno\AndroidStudioProjects\Nexura\.gradle\9.5.0\fileHashes)"        [_thread_blocked, id=12132, stack(0x000000ae1c900000,0x000000ae1ca00000) (1024K)]
  0x00000234a7434670 JavaThread "Cache worker for Build Output Cleanup Cache (C:\Users\Alumno\AndroidStudioProjects\Nexura\.gradle\buildOutputCleanup)"        [_thread_blocked, id=740, stack(0x000000ae1ca00000,0x000000ae1cb00000) (1024K)]
  0x00000234a742f850 JavaThread "File watcher server"        daemon [_thread_in_native, id=4200, stack(0x000000ae1cb00000,0x000000ae1cc00000) (1024K)]
  0x00000234a7431790 JavaThread "File watcher consumer"      daemon [_thread_blocked, id=16344, stack(0x000000ae1cc00000,0x000000ae1cd00000) (1024K)]
  0x00000234a74307f0 JavaThread "jar transforms"                    [_thread_blocked, id=2680, stack(0x000000ae1cd00000,0x000000ae1ce00000) (1024K)]
  0x00000234a7432730 JavaThread "jar transforms Thread 2"           [_thread_blocked, id=6104, stack(0x000000ae1ce00000,0x000000ae1cf00000) (1024K)]
  0x00000234a74336d0 JavaThread "jar transforms Thread 3"           [_thread_blocked, id=17240, stack(0x000000ae1cf00000,0x000000ae1d000000) (1024K)]
  0x00000234a7431f60 JavaThread "jar transforms Thread 4"           [_thread_blocked, id=1288, stack(0x000000ae1d000000,0x000000ae1d100000) (1024K)]
  0x00000234a7430020 JavaThread "Cache worker for file content cache (C:\Users\Alumno\.gradle\caches\9.5.0\fileContent)"        [_thread_blocked, id=13832, stack(0x000000ae1d100000,0x000000ae1d200000) (1024K)]
  0x00000234a620c590 JavaThread "Cache worker for checksums cache (C:\Users\Alumno\AndroidStudioProjects\Nexura\.gradle\9.5.0\checksums)"        [_thread_blocked, id=18488, stack(0x000000ae1d200000,0x000000ae1d300000) (1024K)]
  0x00000234a6206fa0 JavaThread "Cache worker for cache directory md-supplier (C:\Users\Alumno\.gradle\caches\9.5.0\md-supplier)"        [_thread_blocked, id=10036, stack(0x000000ae1d300000,0x000000ae1d400000) (1024K)]
  0x00000234a6209e80 JavaThread "Cache worker for cache directory md-rule (C:\Users\Alumno\.gradle\caches\9.5.0\md-rule)"        [_thread_blocked, id=17124, stack(0x000000ae1d400000,0x000000ae1d500000) (1024K)]
  0x00000234a6e558a0 JavaThread "Build operations"                  [_thread_blocked, id=11920, stack(0x000000ae1d500000,0x000000ae1d600000) (1024K)]
  0x00000234a6e54130 JavaThread "Build operations Thread 2"         [_thread_blocked, id=3136, stack(0x000000ae1d600000,0x000000ae1d700000) (1024K)]
  0x00000234a6e54900 JavaThread "Build operations Thread 3"         [_thread_blocked, id=6712, stack(0x000000ae1d700000,0x000000ae1d800000) (1024K)]
  0x00000234a6e550d0 JavaThread "Build operations Thread 4"         [_thread_blocked, id=17016, stack(0x000000ae1d800000,0x000000ae1d900000) (1024K)]
  0x00000234aaf23c60 JavaThread "Unconstrained build operations"        [_thread_blocked, id=10296, stack(0x000000ae1d900000,0x000000ae1da00000) (1024K)]
  0x00000234aaf24430 JavaThread "Unconstrained build operations Thread 2"        [_thread_blocked, id=2868, stack(0x000000ae1da00000,0x000000ae1db00000) (1024K)]
  0x00000234aaf1f610 JavaThread "Unconstrained build operations Thread 3"        [_thread_blocked, id=7540, stack(0x000000ae1db00000,0x000000ae1dc00000) (1024K)]
  0x00000234aaf205b0 JavaThread "Unconstrained build operations Thread 4"        [_thread_blocked, id=14588, stack(0x000000ae1dc00000,0x000000ae1dd00000) (1024K)]
  0x00000234aaf21d20 JavaThread "Unconstrained build operations Thread 5"        [_thread_blocked, id=11128, stack(0x000000ae1dd00000,0x000000ae1de00000) (1024K)]
  0x00000234aaf1fde0 JavaThread "Unconstrained build operations Thread 6"        [_thread_blocked, id=12748, stack(0x000000ae1de00000,0x000000ae1df00000) (1024K)]
  0x00000234aaf25ba0 JavaThread "Unconstrained build operations Thread 7"        [_thread_blocked, id=7424, stack(0x000000ae1df00000,0x000000ae1e000000) (1024K)]
  0x00000234aaf20d80 JavaThread "Unconstrained build operations Thread 8"        [_thread_blocked, id=8688, stack(0x000000ae1e000000,0x000000ae1e100000) (1024K)]
  0x00000234aaf26370 JavaThread "Unconstrained build operations Thread 9"        [_thread_blocked, id=16012, stack(0x000000ae1e100000,0x000000ae1e200000) (1024K)]
  0x00000234aaf253d0 JavaThread "Unconstrained build operations Thread 10"        [_thread_blocked, id=17336, stack(0x000000ae1e200000,0x000000ae1e300000) (1024K)]
  0x00000234aaf1ee40 JavaThread "Unconstrained build operations Thread 11"        [_thread_blocked, id=17372, stack(0x000000ae1e300000,0x000000ae1e400000) (1024K)]
  0x00000234aaf224f0 JavaThread "Unconstrained build operations Thread 12"        [_thread_blocked, id=13184, stack(0x000000ae1e400000,0x000000ae1e500000) (1024K)]
  0x00000234aaf22cc0 JavaThread "Unconstrained build operations Thread 13"        [_thread_blocked, id=5476, stack(0x000000ae1e500000,0x000000ae1e600000) (1024K)]
  0x00000234aaf23490 JavaThread "Unconstrained build operations Thread 14"        [_thread_blocked, id=16284, stack(0x000000ae1e600000,0x000000ae1e700000) (1024K)]
  0x00000234aa635760 JavaThread "Unconstrained build operations Thread 15"        [_thread_blocked, id=7076, stack(0x000000ae1e700000,0x000000ae1e800000) (1024K)]
  0x00000234aa631110 JavaThread "Unconstrained build operations Thread 16"        [_thread_blocked, id=14016, stack(0x000000ae1e800000,0x000000ae1e900000) (1024K)]
  0x00000234aa6318e0 JavaThread "Unconstrained build operations Thread 17"        [_thread_blocked, id=5576, stack(0x000000ae1e900000,0x000000ae1ea00000) (1024K)]
  0x00000234aa635f30 JavaThread "Unconstrained build operations Thread 18"        [_thread_blocked, id=16272, stack(0x000000ae1ea00000,0x000000ae1eb00000) (1024K)]
  0x00000234aa62ea00 JavaThread "Unconstrained build operations Thread 19"        [_thread_blocked, id=18456, stack(0x000000ae1eb00000,0x000000ae1ec00000) (1024K)]
  0x00000234aa633820 JavaThread "Unconstrained build operations Thread 20"        [_thread_blocked, id=10652, stack(0x000000ae1ec00000,0x000000ae1ed00000) (1024K)]
  0x00000234aa6320b0 JavaThread "Unconstrained build operations Thread 21"        [_thread_blocked, id=5412, stack(0x000000ae1ed00000,0x000000ae1ee00000) (1024K)]
  0x00000234aa632880 JavaThread "Unconstrained build operations Thread 22"        [_thread_blocked, id=15452, stack(0x000000ae1ee00000,0x000000ae1ef00000) (1024K)]
  0x00000234aa633050 JavaThread "Unconstrained build operations Thread 23"        [_thread_blocked, id=17196, stack(0x000000ae1ef00000,0x000000ae1f000000) (1024K)]
  0x00000234aa62f9a0 JavaThread "Unconstrained build operations Thread 24"        [_thread_blocked, id=16020, stack(0x000000ae1f000000,0x000000ae1f100000) (1024K)]
  0x00000234aa62f1d0 JavaThread "Unconstrained build operations Thread 25"        [_thread_blocked, id=3440, stack(0x000000ae1f100000,0x000000ae1f200000) (1024K)]
  0x00000234aa630170 JavaThread "Unconstrained build operations Thread 26"        [_thread_blocked, id=12004, stack(0x000000ae1f200000,0x000000ae1f300000) (1024K)]
  0x00000234aa633ff0 JavaThread "Unconstrained build operations Thread 27"        [_thread_blocked, id=8720, stack(0x000000ae1f300000,0x000000ae1f400000) (1024K)]
  0x00000234aa6347c0 JavaThread "Unconstrained build operations Thread 28"        [_thread_blocked, id=6484, stack(0x000000ae1f400000,0x000000ae1f500000) (1024K)]
  0x00000234aa634f90 JavaThread "Unconstrained build operations Thread 29"        [_thread_blocked, id=14472, stack(0x000000ae1f500000,0x000000ae1f600000) (1024K)]
  0x00000234aa630940 JavaThread "Unconstrained build operations Thread 30"        [_thread_blocked, id=19336, stack(0x000000ae1f600000,0x000000ae1f700000) (1024K)]
  0x00000234aac268b0 JavaThread "Unconstrained build operations Thread 31"        [_thread_blocked, id=15256, stack(0x000000ae1f700000,0x000000ae1f800000) (1024K)]
  0x00000234aac2bea0 JavaThread "Unconstrained build operations Thread 32"        [_thread_blocked, id=18116, stack(0x000000ae1f800000,0x000000ae1f900000) (1024K)]
  0x00000234aac27080 JavaThread "Unconstrained build operations Thread 33"        [_thread_blocked, id=5920, stack(0x000000ae1f900000,0x000000ae1fa00000) (1024K)]
  0x00000234aac2a730 JavaThread "Unconstrained build operations Thread 34"        [_thread_blocked, id=14836, stack(0x000000ae1fa00000,0x000000ae1fb00000) (1024K)]
  0x00000234aac287f0 JavaThread "Unconstrained build operations Thread 35"        [_thread_blocked, id=11864, stack(0x000000ae1fb00000,0x000000ae1fc00000) (1024K)]
  0x00000234aac28020 JavaThread "Unconstrained build operations Thread 36"        [_thread_in_native, id=16904, stack(0x000000ae1fc00000,0x000000ae1fd00000) (1024K)]
  0x00000234aac2b6d0 JavaThread "Unconstrained build operations Thread 37"        [_thread_blocked, id=716, stack(0x000000ae1fd00000,0x000000ae1fe00000) (1024K)]
  0x00000234aac2c670 JavaThread "Unconstrained build operations Thread 38"        [_thread_blocked, id=18452, stack(0x000000ae1fe00000,0x000000ae1ff00000) (1024K)]
  0x00000234aac27850 JavaThread "Unconstrained build operations Thread 39"        [_thread_blocked, id=13956, stack(0x000000ae1ff00000,0x000000ae20000000) (1024K)]
Total: 79

Other Threads:
  0x0000023488e4cc60 VMThread "VM Thread"                           [id=13128, stack(0x000000ae1ae00000,0x000000ae1af00000) (1024K)]
  0x00000234a003c0d0 WatcherThread "VM Periodic Task Thread"        [id=11540, stack(0x000000ae1ad00000,0x000000ae1ae00000) (1024K)]
  0x0000023488ddeeb0 WorkerThread "GC Thread#0"                     [id=12232, stack(0x000000ae1a800000,0x000000ae1a900000) (1024K)]
  0x00000234a562dd40 WorkerThread "GC Thread#1"                     [id=5768, stack(0x000000ae1b900000,0x000000ae1ba00000) (1024K)]
  0x00000234a5653ec0 WorkerThread "GC Thread#2"                     [id=18204, stack(0x000000ae1ba00000,0x000000ae1bb00000) (1024K)]
  0x00000234a5655710 WorkerThread "GC Thread#3"                     [id=13932, stack(0x000000ae1bb00000,0x000000ae1bc00000) (1024K)]
  0x0000023488df80f0 ConcurrentGCThread "G1 Main Marker"            [id=10416, stack(0x000000ae1a900000,0x000000ae1aa00000) (1024K)]
  0x0000023488df9430 WorkerThread "G1 Conc#0"                       [id=7236, stack(0x000000ae1aa00000,0x000000ae1ab00000) (1024K)]
  0x0000023488e275e0 ConcurrentGCThread "G1 Refine#0"               [id=3076, stack(0x000000ae1ab00000,0x000000ae1ac00000) (1024K)]
  0x0000023488e27df0 ConcurrentGCThread "G1 Service"                [id=13616, stack(0x000000ae1ac00000,0x000000ae1ad00000) (1024K)]
Total: 10

Threads with active compile tasks:
C2 CompilerThread0  94535 13990       4       org.gradle.api.internal.artifacts.ivyservice.ivyresolve.parser.PomDomParser::getFirstChildElement (70 bytes)
Total: 1

VM state: not at safepoint (normal execution)

VM Mutex/Monitor currently owned by a thread: None

Heap address: 0x0000000080000000, size: 2048 MB, Compressed Oops mode: 32-bit

CDS archive(s) not mapped
Compressed class space mapped at: 0x0000000013000000-0x0000000053000000, reserved size: 1073741824
UseCompressedClassPointers 1, UseCompactObjectHeaders 0
Narrow klass pointer bits 32, Max shift 3
Narrow klass base: 0x0000000000000000, Narrow klass shift: 0
Encoding Range: [0x0000000000000000 - 0x0000000100000000), (4294967296 bytes)
Klass Range:    [0x0000000013000000 - 0x0000000053000000), (1073741824 bytes)
Klass ID Range:  [318767104 - 1392508921) (1073741817)
No protection zone.

GC Precious Log:
 CardTable entry size: 512
 Card Set container configuration: InlinePtr #cards 5 size 8 Array Of Cards #cards 10 size 36 Howl #buckets 4 coarsen threshold 1843 Howl Bitmap #cards 512 size 80 coarsen threshold 460 Card regions per heap region 1 cards per card region 2048
 CPUs: 4 total, 4 available
 Memory: 3982M
 Large Page Support: Disabled
 NUMA Support: Disabled
 Compressed Oops: Enabled (32-bit)
 Heap Region Size: 1M
 Heap Min Capacity: 8M
 Heap Initial Capacity: 64M
 Heap Max Capacity: 2G
 Pre-touch: Disabled
 Parallel Workers: 4
 Concurrent Workers: 1
 Concurrent Refinement Workers: 4
 Periodic GC: Disabled

Heap:
 garbage-first heap   total reserved 2097152K, committed 157696K, used 106913K [0x0000000080000000, 0x0000000100000000)
  region size 1024K, 20 young (20480K), 6 survivors (6144K)

Heap Regions: E=young(eden), S=young(survivor), O=old, HS=humongous(starts), HC=humongous(continues), CS=collection set, F=free, TAMS=top-at-mark-start, PB=parsable bottom
|   0|0x0000000080000000, 0x0000000080100000, 0x0000000080100000|100%|HS|  |TAMS 0x0000000080000000| PB 0x0000000080000000| Complete |  0
|   1|0x0000000080100000, 0x0000000080200000, 0x0000000080200000|100%|HC|  |TAMS 0x0000000080100000| PB 0x0000000080100000| Complete |  0
|   2|0x0000000080200000, 0x0000000080300000, 0x0000000080300000|100%|HC|  |TAMS 0x0000000080200000| PB 0x0000000080200000| Complete |  0
|   3|0x0000000080300000, 0x0000000080400000, 0x0000000080400000|100%|HC|  |TAMS 0x0000000080300000| PB 0x0000000080300000| Complete |  0
|   4|0x0000000080400000, 0x0000000080500000, 0x0000000080500000|100%| O|  |TAMS 0x0000000080400000| PB 0x0000000080400000| Untracked |  0
|   5|0x0000000080500000, 0x0000000080600000, 0x0000000080600000|100%| O|  |TAMS 0x0000000080500000| PB 0x0000000080500000| Untracked |  0
|   6|0x0000000080600000, 0x0000000080700000, 0x0000000080700000|100%| O|  |TAMS 0x0000000080600000| PB 0x0000000080600000| Untracked |  0
|   7|0x0000000080700000, 0x0000000080800000, 0x0000000080800000|100%| O|  |TAMS 0x0000000080700000| PB 0x0000000080700000| Untracked |  0
|   8|0x0000000080800000, 0x0000000080900000, 0x0000000080900000|100%| O|  |TAMS 0x0000000080800000| PB 0x0000000080800000| Untracked |  0
|   9|0x0000000080900000, 0x0000000080a00000, 0x0000000080a00000|100%| O|  |TAMS 0x0000000080900000| PB 0x0000000080900000| Untracked |  0
|  10|0x0000000080a00000, 0x0000000080b00000, 0x0000000080b00000|100%| O|  |TAMS 0x0000000080a00000| PB 0x0000000080a00000| Untracked |  0
|  11|0x0000000080b00000, 0x0000000080c00000, 0x0000000080c00000|100%|HS|  |TAMS 0x0000000080b00000| PB 0x0000000080b00000| Complete |  0
|  12|0x0000000080c00000, 0x0000000080d00000, 0x0000000080d00000|100%| O|  |TAMS 0x0000000080c00000| PB 0x0000000080c00000| Untracked |  0
|  13|0x0000000080d00000, 0x0000000080e00000, 0x0000000080e00000|100%| O|  |TAMS 0x0000000080d00000| PB 0x0000000080d00000| Untracked |  0
|  14|0x0000000080e00000, 0x0000000080f00000, 0x0000000080f00000|100%| O|  |TAMS 0x0000000080e00000| PB 0x0000000080e00000| Untracked |  0
|  15|0x0000000080f00000, 0x0000000081000000, 0x0000000081000000|100%| O|  |TAMS 0x0000000080f00000| PB 0x0000000080f00000| Untracked |  0
|  16|0x0000000081000000, 0x0000000081100000, 0x0000000081100000|100%| O|  |TAMS 0x0000000081000000| PB 0x0000000081000000| Untracked |  0
|  17|0x0000000081100000, 0x0000000081200000, 0x0000000081200000|100%| O|  |TAMS 0x0000000081100000| PB 0x0000000081100000| Untracked |  0
|  18|0x0000000081200000, 0x0000000081300000, 0x0000000081300000|100%| O|  |TAMS 0x0000000081200000| PB 0x0000000081200000| Untracked |  0
|  19|0x0000000081300000, 0x0000000081400000, 0x0000000081400000|100%| O|  |TAMS 0x0000000081300000| PB 0x0000000081300000| Untracked |  0
|  20|0x0000000081400000, 0x0000000081500000, 0x0000000081500000|100%| O|  |TAMS 0x0000000081400000| PB 0x0000000081400000| Untracked |  0
|  21|0x0000000081500000, 0x0000000081600000, 0x0000000081600000|100%| O|  |TAMS 0x0000000081500000| PB 0x0000000081500000| Untracked |  0
|  22|0x0000000081600000, 0x0000000081700000, 0x0000000081700000|100%| O|  |TAMS 0x0000000081600000| PB 0x0000000081600000| Untracked |  0
|  23|0x0000000081700000, 0x0000000081800000, 0x0000000081800000|100%| O|  |TAMS 0x0000000081700000| PB 0x0000000081700000| Untracked |  0
|  24|0x0000000081800000, 0x0000000081900000, 0x0000000081900000|100%|HS|  |TAMS 0x0000000081800000| PB 0x0000000081800000| Complete |  0
|  25|0x0000000081900000, 0x0000000081a00000, 0x0000000081a00000|100%|HC|  |TAMS 0x0000000081900000| PB 0x0000000081900000| Complete |  0
|  26|0x0000000081a00000, 0x0000000081b00000, 0x0000000081b00000|100%|HC|  |TAMS 0x0000000081a00000| PB 0x0000000081a00000| Complete |  0
|  27|0x0000000081b00000, 0x0000000081c00000, 0x0000000081c00000|100%|HC|  |TAMS 0x0000000081b00000| PB 0x0000000081b00000| Complete |  0
|  28|0x0000000081c00000, 0x0000000081d00000, 0x0000000081d00000|100%|HC|  |TAMS 0x0000000081c00000| PB 0x0000000081c00000| Complete |  0
|  29|0x0000000081d00000, 0x0000000081e00000, 0x0000000081e00000|100%|HC|  |TAMS 0x0000000081d00000| PB 0x0000000081d00000| Complete |  0
|  30|0x0000000081e00000, 0x0000000081f00000, 0x0000000081f00000|100%|HS|  |TAMS 0x0000000081e00000| PB 0x0000000081e00000| Complete |  0
|  31|0x0000000081f00000, 0x0000000082000000, 0x0000000082000000|100%| O|  |TAMS 0x0000000081f00000| PB 0x0000000081f00000| Untracked |  0
|  32|0x0000000082000000, 0x0000000082100000, 0x0000000082100000|100%| O|  |TAMS 0x0000000082000000| PB 0x0000000082000000| Untracked |  0
|  33|0x0000000082100000, 0x0000000082200000, 0x0000000082200000|100%|HS|  |TAMS 0x0000000082100000| PB 0x0000000082100000| Complete |  0
|  34|0x0000000082200000, 0x0000000082300000, 0x0000000082300000|100%|HS|  |TAMS 0x0000000082200000| PB 0x0000000082200000| Complete |  0
|  35|0x0000000082300000, 0x0000000082400000, 0x0000000082400000|100%|HC|  |TAMS 0x0000000082300000| PB 0x0000000082300000| Complete |  0
|  36|0x0000000082400000, 0x0000000082500000, 0x0000000082500000|100%|HC|  |TAMS 0x0000000082400000| PB 0x0000000082400000| Complete |  0
|  37|0x0000000082500000, 0x0000000082600000, 0x0000000082600000|100%|HC|  |TAMS 0x0000000082500000| PB 0x0000000082500000| Complete |  0
|  38|0x0000000082600000, 0x0000000082700000, 0x0000000082700000|100%|HC|  |TAMS 0x0000000082600000| PB 0x0000000082600000| Complete |  0
|  39|0x0000000082700000, 0x0000000082800000, 0x0000000082800000|100%|HC|  |TAMS 0x0000000082700000| PB 0x0000000082700000| Complete |  0
|  40|0x0000000082800000, 0x0000000082900000, 0x0000000082900000|100%|HS|  |TAMS 0x0000000082800000| PB 0x0000000082800000| Complete |  0
|  41|0x0000000082900000, 0x0000000082a00000, 0x0000000082a00000|100%|HS|  |TAMS 0x0000000082900000| PB 0x0000000082900000| Complete |  0
|  42|0x0000000082a00000, 0x0000000082b00000, 0x0000000082b00000|100%| O|  |TAMS 0x0000000082a00000| PB 0x0000000082a00000| Untracked |  0
|  43|0x0000000082b00000, 0x0000000082c00000, 0x0000000082c00000|100%| O|  |TAMS 0x0000000082b00000| PB 0x0000000082b00000| Untracked |  0
|  44|0x0000000082c00000, 0x0000000082d00000, 0x0000000082d00000|100%| O|  |TAMS 0x0000000082c00000| PB 0x0000000082c00000| Untracked |  0
|  45|0x0000000082d00000, 0x0000000082e00000, 0x0000000082e00000|100%| O|  |TAMS 0x0000000082d00000| PB 0x0000000082d00000| Untracked |  0
|  46|0x0000000082e00000, 0x0000000082f00000, 0x0000000082f00000|100%| O|  |TAMS 0x0000000082e00000| PB 0x0000000082e00000| Untracked |  0
|  47|0x0000000082f00000, 0x0000000083000000, 0x0000000083000000|100%| O|  |TAMS 0x0000000082f00000| PB 0x0000000082f00000| Untracked |  0
|  48|0x0000000083000000, 0x0000000083100000, 0x0000000083100000|100%| O|  |TAMS 0x0000000083000000| PB 0x0000000083000000| Untracked |  0
|  49|0x0000000083100000, 0x0000000083200000, 0x0000000083200000|100%| O|  |TAMS 0x0000000083100000| PB 0x0000000083100000| Untracked |  0
|  50|0x0000000083200000, 0x0000000083300000, 0x0000000083300000|100%| O|  |TAMS 0x0000000083200000| PB 0x0000000083200000| Untracked |  0
|  51|0x0000000083300000, 0x0000000083400000, 0x0000000083400000|100%| O|  |TAMS 0x0000000083300000| PB 0x0000000083300000| Untracked |  0
|  52|0x0000000083400000, 0x0000000083500000, 0x0000000083500000|100%| O|  |TAMS 0x0000000083400000| PB 0x0000000083400000| Untracked |  0
|  53|0x0000000083500000, 0x0000000083600000, 0x0000000083600000|100%| O|  |TAMS 0x0000000083500000| PB 0x0000000083500000| Untracked |  0
|  54|0x0000000083600000, 0x0000000083700000, 0x0000000083700000|100%| O|  |TAMS 0x0000000083600000| PB 0x0000000083600000| Untracked |  0
|  55|0x0000000083700000, 0x0000000083800000, 0x0000000083800000|100%| O|  |TAMS 0x0000000083700000| PB 0x0000000083700000| Untracked |  0
|  56|0x0000000083800000, 0x0000000083900000, 0x0000000083900000|100%| O|  |TAMS 0x0000000083800000| PB 0x0000000083800000| Untracked |  0
|  57|0x0000000083900000, 0x0000000083a00000, 0x0000000083a00000|100%| O|  |TAMS 0x0000000083900000| PB 0x0000000083900000| Untracked |  0
|  58|0x0000000083a00000, 0x0000000083b00000, 0x0000000083b00000|100%| O|  |TAMS 0x0000000083a00000| PB 0x0000000083a00000| Untracked |  0
|  59|0x0000000083b00000, 0x0000000083c00000, 0x0000000083c00000|100%| O|  |TAMS 0x0000000083b00000| PB 0x0000000083b00000| Untracked |  0
|  60|0x0000000083c00000, 0x0000000083d00000, 0x0000000083d00000|100%| O|  |TAMS 0x0000000083c00000| PB 0x0000000083c00000| Untracked |  0
|  61|0x0000000083d00000, 0x0000000083e00000, 0x0000000083e00000|100%| O|  |TAMS 0x0000000083d00000| PB 0x0000000083d00000| Untracked |  0
|  62|0x0000000083e00000, 0x0000000083f00000, 0x0000000083f00000|100%| O|  |TAMS 0x0000000083e00000| PB 0x0000000083e00000| Untracked |  0
|  63|0x0000000083f00000, 0x0000000084000000, 0x0000000084000000|100%| O|  |TAMS 0x0000000083f00000| PB 0x0000000083f00000| Untracked |  0
|  64|0x0000000084000000, 0x0000000084100000, 0x0000000084100000|100%| O|  |TAMS 0x0000000084000000| PB 0x0000000084000000| Untracked |  0
|  65|0x0000000084100000, 0x0000000084200000, 0x0000000084200000|100%| O|  |TAMS 0x0000000084100000| PB 0x0000000084100000| Untracked |  0
|  66|0x0000000084200000, 0x0000000084300000, 0x0000000084300000|100%| O|  |TAMS 0x0000000084200000| PB 0x0000000084200000| Untracked |  0
|  67|0x0000000084300000, 0x0000000084400000, 0x0000000084400000|100%| O|  |TAMS 0x0000000084300000| PB 0x0000000084300000| Untracked |  0
|  68|0x0000000084400000, 0x0000000084500000, 0x0000000084500000|100%| O|  |TAMS 0x0000000084400000| PB 0x0000000084400000| Untracked |  0
|  69|0x0000000084500000, 0x0000000084500000, 0x0000000084600000|  0%| F|  |TAMS 0x0000000084500000| PB 0x0000000084500000| Untracked |  0
|  70|0x0000000084600000, 0x0000000084700000, 0x0000000084700000|100%| O|  |TAMS 0x0000000084600000| PB 0x0000000084600000| Untracked |  0
|  71|0x0000000084700000, 0x0000000084700000, 0x0000000084800000|  0%| F|  |TAMS 0x0000000084700000| PB 0x0000000084700000| Untracked |  0
|  72|0x0000000084800000, 0x0000000084800000, 0x0000000084900000|  0%| F|  |TAMS 0x0000000084800000| PB 0x0000000084800000| Untracked |  0
|  73|0x0000000084900000, 0x0000000084900000, 0x0000000084a00000|  0%| F|  |TAMS 0x0000000084900000| PB 0x0000000084900000| Untracked |  0
|  74|0x0000000084a00000, 0x0000000084a00000, 0x0000000084b00000|  0%| F|  |TAMS 0x0000000084a00000| PB 0x0000000084a00000| Untracked |  0
|  75|0x0000000084b00000, 0x0000000084c00000, 0x0000000084c00000|100%| O|  |TAMS 0x0000000084b00000| PB 0x0000000084b00000| Untracked |  0
|  76|0x0000000084c00000, 0x0000000084d00000, 0x0000000084d00000|100%| O|  |TAMS 0x0000000084c00000| PB 0x0000000084c00000| Untracked |  0
|  77|0x0000000084d00000, 0x0000000084e00000, 0x0000000084e00000|100%| O|  |TAMS 0x0000000084d00000| PB 0x0000000084d00000| Untracked |  0
|  78|0x0000000084e00000, 0x0000000084f00000, 0x0000000084f00000|100%| O|  |TAMS 0x0000000084e00000| PB 0x0000000084e00000| Untracked |  0
|  79|0x0000000084f00000, 0x0000000084f00000, 0x0000000085000000|  0%| F|  |TAMS 0x0000000084f00000| PB 0x0000000084f00000| Untracked |  0
|  80|0x0000000085000000, 0x0000000085100000, 0x0000000085100000|100%| O|  |TAMS 0x0000000085000000| PB 0x0000000085000000| Untracked |  0
|  81|0x0000000085100000, 0x000000008517e750, 0x0000000085200000| 49%| O|  |TAMS 0x0000000085100000| PB 0x0000000085100000| Untracked |  0
|  82|0x0000000085200000, 0x00000000852e9f60, 0x0000000085300000| 91%| S|CS|TAMS 0x0000000085200000| PB 0x0000000085200000| Complete |  0
|  83|0x0000000085300000, 0x0000000085400000, 0x0000000085400000|100%| S|CS|TAMS 0x0000000085300000| PB 0x0000000085300000| Complete |  0
|  84|0x0000000085400000, 0x0000000085500000, 0x0000000085500000|100%| S|CS|TAMS 0x0000000085400000| PB 0x0000000085400000| Complete |  0
|  85|0x0000000085500000, 0x0000000085600000, 0x0000000085600000|100%| S|CS|TAMS 0x0000000085500000| PB 0x0000000085500000| Complete |  0
|  86|0x0000000085600000, 0x0000000085700000, 0x0000000085700000|100%| S|CS|TAMS 0x0000000085600000| PB 0x0000000085600000| Complete |  0
|  87|0x0000000085700000, 0x0000000085800000, 0x0000000085800000|100%| S|CS|TAMS 0x0000000085700000| PB 0x0000000085700000| Complete |  0
|  88|0x0000000085800000, 0x0000000085800000, 0x0000000085900000|  0%| F|  |TAMS 0x0000000085800000| PB 0x0000000085800000| Untracked |  0
|  89|0x0000000085900000, 0x0000000085900000, 0x0000000085a00000|  0%| F|  |TAMS 0x0000000085900000| PB 0x0000000085900000| Untracked |  0
|  90|0x0000000085a00000, 0x0000000085a00000, 0x0000000085b00000|  0%| F|  |TAMS 0x0000000085a00000| PB 0x0000000085a00000| Untracked |  0
|  91|0x0000000085b00000, 0x0000000085b00000, 0x0000000085c00000|  0%| F|  |TAMS 0x0000000085b00000| PB 0x0000000085b00000| Untracked |  0
|  92|0x0000000085c00000, 0x0000000085c00000, 0x0000000085d00000|  0%| F|  |TAMS 0x0000000085c00000| PB 0x0000000085c00000| Untracked |  0
|  93|0x0000000085d00000, 0x0000000085d00000, 0x0000000085e00000|  0%| F|  |TAMS 0x0000000085d00000| PB 0x0000000085d00000| Untracked |  0
|  94|0x0000000085e00000, 0x0000000085e00000, 0x0000000085f00000|  0%| F|  |TAMS 0x0000000085e00000| PB 0x0000000085e00000| Untracked |  0
|  95|0x0000000085f00000, 0x0000000085f00000, 0x0000000086000000|  0%| F|  |TAMS 0x0000000085f00000| PB 0x0000000085f00000| Untracked |  0
|  96|0x0000000086000000, 0x0000000086000000, 0x0000000086100000|  0%| F|  |TAMS 0x0000000086000000| PB 0x0000000086000000| Untracked |  0
|  97|0x0000000086100000, 0x0000000086100000, 0x0000000086200000|  0%| F|  |TAMS 0x0000000086100000| PB 0x0000000086100000| Untracked |  0
|  98|0x0000000086200000, 0x0000000086200000, 0x0000000086300000|  0%| F|  |TAMS 0x0000000086200000| PB 0x0000000086200000| Untracked |  0
|  99|0x0000000086300000, 0x0000000086300000, 0x0000000086400000|  0%| F|  |TAMS 0x0000000086300000| PB 0x0000000086300000| Untracked |  0
| 100|0x0000000086400000, 0x0000000086400000, 0x0000000086500000|  0%| F|  |TAMS 0x0000000086400000| PB 0x0000000086400000| Untracked |  0
| 101|0x0000000086500000, 0x0000000086500000, 0x0000000086600000|  0%| F|  |TAMS 0x0000000086500000| PB 0x0000000086500000| Untracked |  0
| 102|0x0000000086600000, 0x0000000086600000, 0x0000000086700000|  0%| F|  |TAMS 0x0000000086600000| PB 0x0000000086600000| Untracked |  0
| 103|0x0000000086700000, 0x0000000086700000, 0x0000000086800000|  0%| F|  |TAMS 0x0000000086700000| PB 0x0000000086700000| Untracked |  0
| 104|0x0000000086800000, 0x0000000086800000, 0x0000000086900000|  0%| F|  |TAMS 0x0000000086800000| PB 0x0000000086800000| Untracked |  0
| 105|0x0000000086900000, 0x0000000086900000, 0x0000000086a00000|  0%| F|  |TAMS 0x0000000086900000| PB 0x0000000086900000| Untracked |  0
| 106|0x0000000086a00000, 0x0000000086a00000, 0x0000000086b00000|  0%| F|  |TAMS 0x0000000086a00000| PB 0x0000000086a00000| Untracked |  0
| 107|0x0000000086b00000, 0x0000000086b00000, 0x0000000086c00000|  0%| F|  |TAMS 0x0000000086b00000| PB 0x0000000086b00000| Untracked |  0
| 108|0x0000000086c00000, 0x0000000086c00000, 0x0000000086d00000|  0%| F|  |TAMS 0x0000000086c00000| PB 0x0000000086c00000| Untracked |  0
| 109|0x0000000086d00000, 0x0000000086d00000, 0x0000000086e00000|  0%| F|  |TAMS 0x0000000086d00000| PB 0x0000000086d00000| Untracked |  0
| 110|0x0000000086e00000, 0x0000000086e00000, 0x0000000086f00000|  0%| F|  |TAMS 0x0000000086e00000| PB 0x0000000086e00000| Untracked |  0
| 111|0x0000000086f00000, 0x0000000086f00000, 0x0000000087000000|  0%| F|  |TAMS 0x0000000086f00000| PB 0x0000000086f00000| Untracked |  0
| 112|0x0000000087000000, 0x0000000087000000, 0x0000000087100000|  0%| F|  |TAMS 0x0000000087000000| PB 0x0000000087000000| Untracked |  0
| 113|0x0000000087100000, 0x0000000087100000, 0x0000000087200000|  0%| F|  |TAMS 0x0000000087100000| PB 0x0000000087100000| Untracked |  0
| 114|0x0000000087200000, 0x0000000087200000, 0x0000000087300000|  0%| F|  |TAMS 0x0000000087200000| PB 0x0000000087200000| Untracked |  0
| 115|0x0000000087300000, 0x0000000087300000, 0x0000000087400000|  0%| F|  |TAMS 0x0000000087300000| PB 0x0000000087300000| Untracked |  0
| 116|0x0000000087400000, 0x0000000087400000, 0x0000000087500000|  0%| F|  |TAMS 0x0000000087400000| PB 0x0000000087400000| Untracked |  0
| 117|0x0000000087500000, 0x0000000087500000, 0x0000000087600000|  0%| F|  |TAMS 0x0000000087500000| PB 0x0000000087500000| Untracked |  0
| 118|0x0000000087600000, 0x0000000087600000, 0x0000000087700000|  0%| F|  |TAMS 0x0000000087600000| PB 0x0000000087600000| Untracked |  0
| 119|0x0000000087700000, 0x0000000087700000, 0x0000000087800000|  0%| F|  |TAMS 0x0000000087700000| PB 0x0000000087700000| Untracked |  0
| 120|0x0000000087800000, 0x0000000087800000, 0x0000000087900000|  0%| F|  |TAMS 0x0000000087800000| PB 0x0000000087800000| Untracked |  0
| 121|0x0000000087900000, 0x0000000087900000, 0x0000000087a00000|  0%| F|  |TAMS 0x0000000087900000| PB 0x0000000087900000| Untracked |  0
| 122|0x0000000087a00000, 0x0000000087a00000, 0x0000000087b00000|  0%| F|  |TAMS 0x0000000087a00000| PB 0x0000000087a00000| Untracked |  0
| 123|0x0000000087b00000, 0x0000000087b00000, 0x0000000087c00000|  0%| F|  |TAMS 0x0000000087b00000| PB 0x0000000087b00000| Untracked |  0
| 124|0x0000000087c00000, 0x0000000087c00000, 0x0000000087d00000|  0%| F|  |TAMS 0x0000000087c00000| PB 0x0000000087c00000| Untracked |  0
| 125|0x0000000087d00000, 0x0000000087d00000, 0x0000000087e00000|  0%| F|  |TAMS 0x0000000087d00000| PB 0x0000000087d00000| Untracked |  0
| 126|0x0000000087e00000, 0x0000000087e00000, 0x0000000087f00000|  0%| F|  |TAMS 0x0000000087e00000| PB 0x0000000087e00000| Untracked |  0
| 127|0x0000000087f00000, 0x0000000087f00000, 0x0000000088000000|  0%| F|  |TAMS 0x0000000087f00000| PB 0x0000000087f00000| Untracked |  0
| 128|0x0000000088000000, 0x0000000088000000, 0x0000000088100000|  0%| F|  |TAMS 0x0000000088000000| PB 0x0000000088000000| Untracked |  0
| 129|0x0000000088100000, 0x0000000088100000, 0x0000000088200000|  0%| F|  |TAMS 0x0000000088100000| PB 0x0000000088100000| Untracked |  0
| 130|0x0000000088200000, 0x000000008821eba8, 0x0000000088300000| 12%| E|  |TAMS 0x0000000088200000| PB 0x0000000088200000| Complete |  0
| 131|0x0000000088300000, 0x0000000088400000, 0x0000000088400000|100%| E|CS|TAMS 0x0000000088300000| PB 0x0000000088300000| Complete |  0
| 132|0x0000000088400000, 0x0000000088500000, 0x0000000088500000|100%| E|CS|TAMS 0x0000000088400000| PB 0x0000000088400000| Complete |  0
| 133|0x0000000088500000, 0x0000000088600000, 0x0000000088600000|100%| E|CS|TAMS 0x0000000088500000| PB 0x0000000088500000| Complete |  0
| 134|0x0000000088600000, 0x0000000088700000, 0x0000000088700000|100%| E|CS|TAMS 0x0000000088600000| PB 0x0000000088600000| Complete |  0
| 135|0x0000000088700000, 0x0000000088800000, 0x0000000088800000|100%| E|CS|TAMS 0x0000000088700000| PB 0x0000000088700000| Complete |  0
| 136|0x0000000088800000, 0x0000000088900000, 0x0000000088900000|100%| E|CS|TAMS 0x0000000088800000| PB 0x0000000088800000| Complete |  0
| 137|0x0000000088900000, 0x0000000088a00000, 0x0000000088a00000|100%| E|CS|TAMS 0x0000000088900000| PB 0x0000000088900000| Complete |  0
| 138|0x0000000088a00000, 0x0000000088b00000, 0x0000000088b00000|100%| E|CS|TAMS 0x0000000088a00000| PB 0x0000000088a00000| Complete |  0
| 139|0x0000000088b00000, 0x0000000088c00000, 0x0000000088c00000|100%| E|CS|TAMS 0x0000000088b00000| PB 0x0000000088b00000| Complete |  0
|2034|0x00000000ff200000, 0x00000000ff300000, 0x00000000ff300000|100%| O|  |TAMS 0x00000000ff200000| PB 0x00000000ff200000| Untracked |  0
|2035|0x00000000ff300000, 0x00000000ff400000, 0x00000000ff400000|100%| O|Cm|TAMS 0x00000000ff300000| PB 0x00000000ff300000| Complete |  0
|2036|0x00000000ff400000, 0x00000000ff500000, 0x00000000ff500000|100%| E|CS|TAMS 0x00000000ff400000| PB 0x00000000ff400000| Complete |  0
|2037|0x00000000ff500000, 0x00000000ff600000, 0x00000000ff600000|100%| O|  |TAMS 0x00000000ff500000| PB 0x00000000ff500000| Untracked |  0
|2038|0x00000000ff600000, 0x00000000ff700000, 0x00000000ff700000|100%| O|  |TAMS 0x00000000ff600000| PB 0x00000000ff600000| Untracked |  0
|2039|0x00000000ff700000, 0x00000000ff800000, 0x00000000ff800000|100%| O|  |TAMS 0x00000000ff700000| PB 0x00000000ff700000| Untracked |  0
|2040|0x00000000ff800000, 0x00000000ff900000, 0x00000000ff900000|100%| E|CS|TAMS 0x00000000ff800000| PB 0x00000000ff800000| Complete |  0
|2041|0x00000000ff900000, 0x00000000ffa00000, 0x00000000ffa00000|100%| O|  |TAMS 0x00000000ff900000| PB 0x00000000ff900000| Untracked |  0
|2042|0x00000000ffa00000, 0x00000000ffb00000, 0x00000000ffb00000|100%| O|  |TAMS 0x00000000ffa00000| PB 0x00000000ffa00000| Untracked |  0
|2043|0x00000000ffb00000, 0x00000000ffc00000, 0x00000000ffc00000|100%| E|CS|TAMS 0x00000000ffb00000| PB 0x00000000ffb00000| Complete |  0
|2044|0x00000000ffc00000, 0x00000000ffd00000, 0x00000000ffd00000|100%| E|CS|TAMS 0x00000000ffc00000| PB 0x00000000ffc00000| Complete |  0
|2045|0x00000000ffd00000, 0x00000000ffe00000, 0x00000000ffe00000|100%| O|  |TAMS 0x00000000ffd00000| PB 0x00000000ffd00000| Untracked |  0
|2046|0x00000000ffe00000, 0x00000000fff00000, 0x00000000fff00000|100%| O|  |TAMS 0x00000000ffe00000| PB 0x00000000ffe00000| Untracked |  0
|2047|0x00000000fff00000, 0x0000000100000000, 0x0000000100000000|100%| O|  |TAMS 0x00000000fff00000| PB 0x00000000fff00000| Untracked |  0

Card table byte_map: [0x000002349b680000,0x000002349ba80000] _byte_map_base: 0x000002349b280000

Marking Bits: (CMBitMap*) 0x0000023488ddf640
 Bits: [0x000002349ba80000, 0x000002349da80000)

Polling page: 0x0000023488560000

Metaspace:
Metaspace        used 95676K, committed 97600K, reserved 1179648K
 class space     used 13863K, committed 14720K, reserved 1048576K

Usage:
  Non-class:     79.90 MB used.
      Class:     13.54 MB used.
       Both:     93.43 MB used.

Virtual space:
  Non-class space:      128.00 MB reserved,      80.94 MB ( 63%) committed,  2 nodes.
      Class space:        1.00 GB reserved,      14.38 MB (  1%) committed,  1 nodes.
             Both:        1.12 GB reserved,      95.31 MB (  8%) committed. 

Chunk freelists:
   Non-Class:  14.29 MB
       Class:  1.45 MB
        Both:  15.74 MB

MaxMetaspaceSize: unlimited
CompressedClassSpaceSize: 1.00 GB
Initial GC threshold: 21.00 MB
Current GC threshold: 158.56 MB
CDS: off
 - commit_granule_bytes: 65536.
 - commit_granule_words: 8192.
 - virtual_space_node_default_size: 8388608.
 - enlarge_chunks_in_place: 1.
UseCompressedClassPointers 1, UseCompactObjectHeaders 0
Narrow klass pointer bits 32, Max shift 3
Narrow klass base: 0x0000000000000000, Narrow klass shift: 0
Encoding Range: [0x0000000000000000 - 0x0000000100000000), (4294967296 bytes)
Klass Range:    [0x0000000013000000 - 0x0000000053000000), (1073741824 bytes)
Klass ID Range:  [318767104 - 1392508921) (1073741817)
No protection zone.


Internal statistics:

num_allocs_failed_limit: 6.
num_arena_births: 3528.
num_arena_deaths: 12.
num_vsnodes_births: 3.
num_vsnodes_deaths: 0.
num_space_committed: 1525.
num_space_uncommitted: 0.
num_chunks_returned_to_freelist: 27.
num_chunks_taken_from_freelist: 7065.
num_chunk_merges: 3.
num_chunk_splits: 4692.
num_chunks_enlarged: 3095.
num_inconsistent_stats: 0.

CodeHeap 'non-profiled nmethods': size=120064Kb used=5839Kb max_used=6070Kb free=114224Kb
 bounds [0x0000023493d40000, 0x0000023494330000, 0x000002349b280000]
CodeHeap 'profiled nmethods': size=120000Kb used=16271Kb max_used=16271Kb free=103728Kb
 bounds [0x000002348c280000, 0x000002348d270000, 0x00000234937b0000]
CodeHeap 'non-nmethods': size=5696Kb used=2041Kb max_used=2116Kb free=3655Kb
 bounds [0x00000234937b0000, 0x0000023493a20000, 0x0000023493d40000]
CodeCache: size=245760Kb, used=24151Kb, max_used=24457Kb, free=221607Kb
 total_blobs=11983, nmethods=11076, adapters=810, full_count=0
Compilation: enabled, stopped_count=0, restarted_count=0

Compilation events (20 events):
Event: 93.777 Thread 0x00000234a00b8750 nmethod 13984 0x000002348cab2288 code [0x000002348cab2380, 0x000002348cab26d8]
Event: 93.789 Thread 0x00000234a00b8750 13985       3       com.sun.org.apache.xerces.internal.parsers.XML11Configuration::addRecognizedParamsAndSetDefaults (173 bytes)
Event: 93.791 Thread 0x00000234a00b8750 nmethod 13985 0x000002348ce47788 code [0x000002348ce47880, 0x000002348ce48950]
Event: 93.838 Thread 0x00000234a00977d0 13986       4       jdk.xml.internal.XMLLimitAnalyzer::addValue (260 bytes)
Event: 93.851 Thread 0x00000234a00b8750 13988       3       java.util.regex.Pattern$Curly::match (91 bytes)
Event: 93.852 Thread 0x00000234a00b8750 nmethod 13988 0x000002348c90db08 code [0x000002348c90dc00, 0x000002348c90e1d8]
Event: 93.853 Thread 0x00000234a00b8750 13989       3       org.gradle.api.internal.artifacts.ivyservice.ivyresolve.parser.PomReader$PomDependencyMgtElement::getId (24 bytes)
Event: 93.855 Thread 0x00000234a00b8750 nmethod 13989 0x000002348ce2a708 code [0x000002348ce2a800, 0x000002348ce2bb78]
Event: 93.894 Thread 0x00000234a00977d0 nmethod 13986 0x00000234941f7608 code [0x00000234941f7700, 0x00000234941f8758]
Event: 93.894 Thread 0x00000234a00977d0 13990       4       org.gradle.api.internal.artifacts.ivyservice.ivyresolve.parser.PomDomParser::getFirstChildElement (70 bytes)
Event: 93.895 Thread 0x00000234a00b8750 13991       3       org.apache.http.message.AbstractHttpMessage::getParams (23 bytes)
Event: 93.895 Thread 0x00000234a00b8750 nmethod 13991 0x000002348c956988 code [0x000002348c956a80, 0x000002348c956f50]
Event: 93.926 Thread 0x00000234a00b8750 13993       3       org.apache.http.message.BasicTokenIterator::findTokenStart (192 bytes)
Event: 93.932 Thread 0x00000234a00b8750 nmethod 13993 0x000002348ce27708 code [0x000002348ce27800, 0x000002348ce2a6b0]
Event: 93.932 Thread 0x00000234a00b8750 13994       3       java.text.CalendarBuilder::set (63 bytes)
Event: 93.932 Thread 0x00000234a00b8750 nmethod 13994 0x000002348c9f2588 code [0x000002348c9f2680, 0x000002348c9f2a20]
Event: 93.933 Thread 0x00000234a00b8750 13992       3       org.apache.http.message.BasicTokenIterator::findNext (91 bytes)
Event: 93.933 Thread 0x00000234a00b8750 nmethod 13992 0x000002348ce26d88 code [0x000002348ce26e80, 0x000002348ce275e0]
Event: 93.937 Thread 0x00000234a00b8750 13995       3       org.apache.http.impl.io.SessionInputBufferImpl::read (160 bytes)
Event: 93.938 Thread 0x00000234a00b8750 nmethod 13995 0x000002348ce16408 code [0x000002348ce16500, 0x000002348ce16f00]

GC Heap Usage History (20 events):
Event: 66.424 {heap Before GC invocations=48 (full 0):
 garbage-first heap   total reserved 2097152K, committed 139264K, used 129868K [0x0000000080000000, 0x0000000100000000)
  region size 1024K, 55 young (56320K), 3 survivors (3072K)
}
Event: 66.428 {heap After GC invocations=49 (full 0):
 garbage-first heap   total reserved 2097152K, committed 139264K, used 77189K [0x0000000080000000, 0x0000000100000000)
  region size 1024K, 3 young (3072K), 3 survivors (3072K)
}
Event: 67.255 {heap Before GC invocations=50 (full 0):
 garbage-first heap   total reserved 2097152K, committed 139264K, used 130437K [0x0000000080000000, 0x0000000100000000)
  region size 1024K, 55 young (56320K), 3 survivors (3072K)
}
Event: 67.258 {heap After GC invocations=51 (full 0):
 garbage-first heap   total reserved 2097152K, committed 139264K, used 76532K [0x0000000080000000, 0x0000000100000000)
  region size 1024K, 2 young (2048K), 2 survivors (2048K)
}
Event: 67.657 {heap Before GC invocations=51 (full 0):
 garbage-first heap   total reserved 2097152K, committed 139264K, used 129780K [0x0000000080000000, 0x0000000100000000)
  region size 1024K, 55 young (56320K), 2 survivors (2048K)
}
Event: 67.663 {heap After GC invocations=52 (full 0):
 garbage-first heap   total reserved 2097152K, committed 139264K, used 77552K [0x0000000080000000, 0x0000000100000000)
  region size 1024K, 4 young (4096K), 4 survivors (4096K)
}
Event: 69.189 {heap Before GC invocations=52 (full 0):
 garbage-first heap   total reserved 2097152K, committed 139264K, used 129776K [0x0000000080000000, 0x0000000100000000)
  region size 1024K, 55 young (56320K), 4 survivors (4096K)
}
Event: 69.197 {heap After GC invocations=53 (full 0):
 garbage-first heap   total reserved 2097152K, committed 139264K, used 79277K [0x0000000080000000, 0x0000000100000000)
  region size 1024K, 5 young (5120K), 5 survivors (5120K)
}
Event: 71.809 {heap Before GC invocations=54 (full 0):
 garbage-first heap   total reserved 2097152K, committed 139264K, used 129453K [0x0000000080000000, 0x0000000100000000)
  region size 1024K, 55 young (56320K), 5 survivors (5120K)
}
Event: 71.829 {heap After GC invocations=55 (full 0):
 garbage-first heap   total reserved 2097152K, committed 140288K, used 83201K [0x0000000080000000, 0x0000000100000000)
  region size 1024K, 7 young (7168K), 7 survivors (7168K)
}
Event: 79.388 {heap Before GC invocations=55 (full 0):
 garbage-first heap   total reserved 2097152K, committed 140288K, used 131329K [0x0000000080000000, 0x0000000100000000)
  region size 1024K, 54 young (55296K), 7 survivors (7168K)
}
Event: 79.464 {heap After GC invocations=56 (full 0):
 garbage-first heap   total reserved 2097152K, committed 143360K, used 86123K [0x0000000080000000, 0x0000000100000000)
  region size 1024K, 3 young (3072K), 3 survivors (3072K)
}
Event: 82.174 {heap Before GC invocations=56 (full 0):
 garbage-first heap   total reserved 2097152K, committed 143360K, used 134251K [0x0000000080000000, 0x0000000100000000)
  region size 1024K, 50 young (51200K), 3 survivors (3072K)
}
Event: 82.195 {heap After GC invocations=57 (full 0):
 garbage-first heap   total reserved 2097152K, committed 143360K, used 87328K [0x0000000080000000, 0x0000000100000000)
  region size 1024K, 4 young (4096K), 4 survivors (4096K)
}
Event: 83.772 {heap Before GC invocations=58 (full 0):
 garbage-first heap   total reserved 2097152K, committed 147456K, used 134432K [0x0000000080000000, 0x0000000100000000)
  region size 1024K, 50 young (51200K), 4 survivors (4096K)
}
Event: 83.784 {heap After GC invocations=59 (full 0):
 garbage-first heap   total reserved 2097152K, committed 147456K, used 88472K [0x0000000080000000, 0x0000000100000000)
  region size 1024K, 5 young (5120K), 5 survivors (5120K)
}
Event: 86.243 {heap Before GC invocations=59 (full 0):
 garbage-first heap   total reserved 2097152K, committed 147456K, used 138648K [0x0000000080000000, 0x0000000100000000)
  region size 1024K, 54 young (55296K), 5 survivors (5120K)
}
Event: 86.265 {heap After GC invocations=60 (full 0):
 garbage-first heap   total reserved 2097152K, committed 148480K, used 91027K [0x0000000080000000, 0x0000000100000000)
  region size 1024K, 6 young (6144K), 6 survivors (6144K)
}
Event: 90.939 {heap Before GC invocations=60 (full 0):
 garbage-first heap   total reserved 2097152K, committed 148480K, used 139155K [0x0000000080000000, 0x0000000100000000)
  region size 1024K, 53 young (54272K), 6 survivors (6144K)
}
Event: 90.969 {heap After GC invocations=61 (full 0):
 garbage-first heap   total reserved 2097152K, committed 148480K, used 93601K [0x0000000080000000, 0x0000000100000000)
  region size 1024K, 6 young (6144K), 6 survivors (6144K)
}

Metaspace Usage History (20 events):
Event: 66.424 {metaspace Before GC invocations=48 (full 0):
 Metaspace       used 66381K, committed 67904K, reserved 1114112K
  class space    used 9680K, committed 10368K, reserved 1048576K
}
Event: 66.428 {metaspace After GC invocations=49 (full 0):
 Metaspace       used 66381K, committed 67904K, reserved 1114112K
  class space    used 9680K, committed 10368K, reserved 1048576K
}
Event: 67.255 {metaspace Before GC invocations=50 (full 0):
 Metaspace       used 66398K, committed 67904K, reserved 1114112K
  class space    used 9680K, committed 10368K, reserved 1048576K
}
Event: 67.258 {metaspace After GC invocations=51 (full 0):
 Metaspace       used 66398K, committed 67904K, reserved 1114112K
  class space    used 9680K, committed 10368K, reserved 1048576K
}
Event: 67.657 {metaspace Before GC invocations=51 (full 0):
 Metaspace       used 66447K, committed 67968K, reserved 1114112K
  class space    used 9680K, committed 10368K, reserved 1048576K
}
Event: 67.663 {metaspace After GC invocations=52 (full 0):
 Metaspace       used 66447K, committed 67968K, reserved 1114112K
  class space    used 9680K, committed 10368K, reserved 1048576K
}
Event: 69.189 {metaspace Before GC invocations=52 (full 0):
 Metaspace       used 67753K, committed 69312K, reserved 1114112K
  class space    used 9841K, committed 10560K, reserved 1048576K
}
Event: 69.197 {metaspace After GC invocations=53 (full 0):
 Metaspace       used 67753K, committed 69312K, reserved 1114112K
  class space    used 9841K, committed 10560K, reserved 1048576K
}
Event: 71.809 {metaspace Before GC invocations=54 (full 0):
 Metaspace       used 72921K, committed 74560K, reserved 1114112K
  class space    used 10589K, committed 11328K, reserved 1048576K
}
Event: 71.829 {metaspace After GC invocations=55 (full 0):
 Metaspace       used 72921K, committed 74560K, reserved 1114112K
  class space    used 10589K, committed 11328K, reserved 1048576K
}
Event: 79.388 {metaspace Before GC invocations=55 (full 0):
 Metaspace       used 79317K, committed 80960K, reserved 1179648K
  class space    used 11506K, committed 12288K, reserved 1048576K
}
Event: 79.464 {metaspace After GC invocations=56 (full 0):
 Metaspace       used 79317K, committed 80960K, reserved 1179648K
  class space    used 11506K, committed 12288K, reserved 1048576K
}
Event: 82.175 {metaspace Before GC invocations=56 (full 0):
 Metaspace       used 81491K, committed 83200K, reserved 1179648K
  class space    used 11857K, committed 12672K, reserved 1048576K
}
Event: 82.195 {metaspace After GC invocations=57 (full 0):
 Metaspace       used 81491K, committed 83200K, reserved 1179648K
  class space    used 11857K, committed 12672K, reserved 1048576K
}
Event: 83.772 {metaspace Before GC invocations=58 (full 0):
 Metaspace       used 87880K, committed 89600K, reserved 1179648K
  class space    used 12754K, committed 13568K, reserved 1048576K
}
Event: 83.784 {metaspace After GC invocations=59 (full 0):
 Metaspace       used 87880K, committed 89600K, reserved 1179648K
  class space    used 12754K, committed 13568K, reserved 1048576K
}
Event: 86.243 {metaspace Before GC invocations=59 (full 0):
 Metaspace       used 92268K, committed 94016K, reserved 1179648K
  class space    used 13375K, committed 14208K, reserved 1048576K
}
Event: 86.265 {metaspace After GC invocations=60 (full 0):
 Metaspace       used 92268K, committed 94016K, reserved 1179648K
  class space    used 13375K, committed 14208K, reserved 1048576K
}
Event: 90.939 {metaspace Before GC invocations=60 (full 0):
 Metaspace       used 95519K, committed 97408K, reserved 1179648K
  class space    used 13861K, committed 14720K, reserved 1048576K
}
Event: 90.969 {metaspace After GC invocations=61 (full 0):
 Metaspace       used 95519K, committed 97408K, reserved 1179648K
  class space    used 13861K, committed 14720K, reserved 1048576K
}

Dll operation events (3 events):
Event: 0.049 Loaded shared library C:\Program Files\Android\Android Studio\jbr\bin\java.dll
Event: 0.072 Loaded shared library C:\Program Files\Android\Android Studio\jbr\bin\zip.dll
Event: 2.687 Loaded shared library C:\Program Files\Android\Android Studio\jbr\bin\verify.dll

Deoptimization events (20 events):
Event: 91.940 Thread 0x00000234aa630940 Uncommon trap: trap_request=0xffffffd6 fr.pc=0x0000023494209f68 relative=0x0000000000000b68
Event: 91.940 Thread 0x00000234aa630940 Uncommon trap: reason=array_check action=maybe_recompile pc=0x0000023494209f68 method=jdk.xml.internal.XMLLimitAnalyzer.addValue(ILjava/lang/String;I)V @ 123 c2
Event: 91.940 Thread 0x00000234aa630940 DEOPT PACKING pc=0x0000023494209f68 sp=0x000000ae1f6fc450
Event: 91.940 Thread 0x00000234aa630940 DEOPT UNPACKING pc=0x00000234938c6afc sp=0x000000ae1f6fc3f0 mode 2
Event: 92.186 Thread 0x00000234aa630170 Uncommon trap: trap_request=0xffffff45 fr.pc=0x000002349432d720 relative=0x00000000000000a0
Event: 92.186 Thread 0x00000234aa630170 Uncommon trap: reason=unstable_if action=reinterpret pc=0x000002349432d720 method=com.sun.org.apache.xerces.internal.impl.XMLEntityScanner.peekChar()I @ 14 c2
Event: 92.186 Thread 0x00000234aa630170 DEOPT PACKING pc=0x000002349432d720 sp=0x000000ae1f2fc990
Event: 92.186 Thread 0x00000234aa630170 DEOPT UNPACKING pc=0x00000234938c6afc sp=0x000000ae1f2fc918 mode 2
Event: 92.188 Thread 0x00000234aa630170 Uncommon trap: trap_request=0xffffffd6 fr.pc=0x0000023494209f68 relative=0x0000000000000b68
Event: 92.188 Thread 0x00000234aa630170 Uncommon trap: reason=array_check action=maybe_recompile pc=0x0000023494209f68 method=jdk.xml.internal.XMLLimitAnalyzer.addValue(ILjava/lang/String;I)V @ 123 c2
Event: 92.188 Thread 0x00000234aa630170 DEOPT PACKING pc=0x0000023494209f68 sp=0x000000ae1f2fc5f0
Event: 92.188 Thread 0x00000234aa630170 DEOPT UNPACKING pc=0x00000234938c6afc sp=0x000000ae1f2fc590 mode 2
Event: 92.673 Thread 0x00000234aa632880 Uncommon trap: trap_request=0xffffffd6 fr.pc=0x0000023494209f68 relative=0x0000000000000b68
Event: 92.673 Thread 0x00000234aa632880 Uncommon trap: reason=array_check action=maybe_recompile pc=0x0000023494209f68 method=jdk.xml.internal.XMLLimitAnalyzer.addValue(ILjava/lang/String;I)V @ 123 c2
Event: 92.673 Thread 0x00000234aa632880 DEOPT PACKING pc=0x0000023494209f68 sp=0x000000ae1eefc3a0
Event: 92.673 Thread 0x00000234aa632880 DEOPT UNPACKING pc=0x00000234938c6afc sp=0x000000ae1eefc340 mode 2
Event: 93.836 Thread 0x00000234aa634f90 Uncommon trap: trap_request=0xffffffd6 fr.pc=0x0000023494209f68 relative=0x0000000000000b68
Event: 93.836 Thread 0x00000234aa634f90 Uncommon trap: reason=array_check action=maybe_recompile pc=0x0000023494209f68 method=jdk.xml.internal.XMLLimitAnalyzer.addValue(ILjava/lang/String;I)V @ 123 c2
Event: 93.836 Thread 0x00000234aa634f90 DEOPT PACKING pc=0x0000023494209f68 sp=0x000000ae1f5fc880
Event: 93.836 Thread 0x00000234aa634f90 DEOPT UNPACKING pc=0x00000234938c6afc sp=0x000000ae1f5fc820 mode 2

Classes loaded (20 events):
Event: 86.738 Loading class org/xml/sax/Attributes
Event: 86.738 Loading class org/xml/sax/Attributes done
Event: 88.270 Loading class java/util/function/LongUnaryOperator
Event: 88.271 Loading class java/util/function/LongUnaryOperator done
Event: 88.317 Loading class java/util/TreeMap$KeySpliterator
Event: 88.319 Loading class java/util/TreeMap$KeySpliterator done
Event: 89.715 Loading class java/security/interfaces/RSAPrivateKey
Event: 89.715 Loading class java/security/interfaces/RSAPrivateKey done
Event: 89.715 Loading class sun/security/rsa/RSASignature$SHA256withRSA
Event: 89.715 Loading class sun/security/rsa/RSASignature$SHA256withRSA done
Event: 89.715 Loading class sun/security/rsa/RSAPrivateKeyImpl
Event: 89.716 Loading class sun/security/rsa/RSAPrivateKeyImpl done
Event: 89.716 Loading class sun/security/rsa/RSAPrivateCrtKeyImpl
Event: 89.716 Loading class java/security/interfaces/RSAPrivateCrtKey
Event: 89.717 Loading class java/security/interfaces/RSAPrivateCrtKey done
Event: 89.717 Loading class sun/security/rsa/RSAPrivateCrtKeyImpl done
Event: 89.717 Loading class sun/security/rsa/RSACore
Event: 89.717 Loading class sun/security/rsa/RSACore done
Event: 89.718 Loading class sun/security/rsa/RSAPadding
Event: 89.718 Loading class sun/security/rsa/RSAPadding done

Classes unloaded (20 events):
Event: 60.648 Thread 0x0000023488e4cc60 Unloading class 0x0000000013a10538 '_BuildScript_$_run_closure1'
Event: 60.648 Thread 0x0000023488e4cc60 Unloading class 0x0000000013a10000 '_BuildScript_'
Event: 65.188 Thread 0x0000023488e4cc60 Unloading class 0x0000000013a18428 '_BuildScript_$_run_closure1$_closure2'
Event: 65.188 Thread 0x0000023488e4cc60 Unloading class 0x0000000013a18000 '_BuildScript_$_run_closure1'
Event: 65.188 Thread 0x0000023488e4cc60 Unloading class 0x0000000013a13800 '_BuildScript_'
Event: 82.474 Thread 0x0000023488e4cc60 Unloading class 0x0000000013a48850 '_BuildScript_$_run_closure2'
Event: 82.474 Thread 0x0000023488e4cc60 Unloading class 0x0000000013a48428 '_BuildScript_$_run_closure1$_closure3$_closure4$_closure5'
Event: 82.474 Thread 0x0000023488e4cc60 Unloading class 0x0000000013a48000 '_BuildScript_$_run_closure1$_closure3$_closure4'
Event: 82.474 Thread 0x0000023488e4cc60 Unloading class 0x0000000013a43960 '_BuildScript_$_run_closure1$_closure3'
Event: 82.474 Thread 0x0000023488e4cc60 Unloading class 0x0000000013a43538 '_BuildScript_$_run_closure1'
Event: 82.474 Thread 0x0000023488e4cc60 Unloading class 0x0000000013a43000 '_BuildScript_'
Event: 82.474 Thread 0x0000023488e4cc60 Unloading class 0x0000000013a1c858 '_BuildScript_$_run_closure1$_closure3'
Event: 82.474 Thread 0x0000023488e4cc60 Unloading class 0x0000000013a1c430 '_BuildScript_$_run_closure1$_closure2'
Event: 82.474 Thread 0x0000023488e4cc60 Unloading class 0x0000000013a1c000 '_BuildScript_$_run_closure1'
Event: 82.474 Thread 0x0000023488e4cc60 Unloading class 0x0000000013a1b860 '_BuildScript_'
Event: 82.474 Thread 0x0000023488e4cc60 Unloading class 0x0000000013a1b430 'JetGradlePlugin$_apply_closure1$_closure2$_closure3'
Event: 82.474 Thread 0x0000023488e4cc60 Unloading class 0x0000000013a1b000 'JetGradlePlugin$_apply_closure1$_closure2'
Event: 82.474 Thread 0x0000023488e4cc60 Unloading class 0x0000000013a1a800 'JetGradlePlugin$_apply_closure1'
Event: 82.474 Thread 0x0000023488e4cc60 Unloading class 0x0000000013a13b10 'JetGradlePlugin'
Event: 82.474 Thread 0x0000023488e4cc60 Unloading class 0x0000000013a13800 'RegistryProcessor'

Classes redefined (0 events):
No events

Internal exceptions (20 events):
Event: 93.865 Thread 0x00000234aa635f30 Exception <a 'sun/nio/fs/WindowsException'{0x000000008854c740}> (0x000000008854c740) 
thrown [s\src\hotspot\share\prims\jni.cpp, line 535]
Event: 93.870 Thread 0x00000234aa635f30 Exception <a 'sun/nio/fs/WindowsException'{0x000000008854eba8}> (0x000000008854eba8) 
thrown [s\src\hotspot\share\prims\jni.cpp, line 535]
Event: 93.870 Thread 0x00000234aa635f30 Exception <a 'sun/nio/fs/WindowsException'{0x000000008854f8a8}> (0x000000008854f8a8) 
thrown [s\src\hotspot\share\prims\jni.cpp, line 535]
Event: 93.871 Thread 0x00000234aa635f30 Exception <a 'sun/nio/fs/WindowsException'{0x000000008839c948}> (0x000000008839c948) 
thrown [s\src\hotspot\share\prims\jni.cpp, line 535]
Event: 93.885 Thread 0x00000234aa635f30 Exception <a 'sun/nio/fs/WindowsException'{0x000000008839db60}> (0x000000008839db60) 
thrown [s\src\hotspot\share\prims\jni.cpp, line 535]
Event: 93.888 Thread 0x00000234aa62f1d0 Exception <a 'sun/nio/fs/WindowsException'{0x0000000088b89e60}> (0x0000000088b89e60) 
thrown [s\src\hotspot\share\prims\jni.cpp, line 535]
Event: 93.888 Thread 0x00000234aa62f1d0 Exception <a 'sun/nio/fs/WindowsException'{0x0000000088b8ac58}> (0x0000000088b8ac58) 
thrown [s\src\hotspot\share\prims\jni.cpp, line 535]
Event: 93.889 Thread 0x00000234aa62f1d0 Exception <a 'sun/nio/fs/WindowsException'{0x0000000088b8d190}> (0x0000000088b8d190) 
thrown [s\src\hotspot\share\prims\jni.cpp, line 535]
Event: 93.889 Thread 0x00000234aa62f1d0 Exception <a 'sun/nio/fs/WindowsException'{0x0000000088b8ded8}> (0x0000000088b8ded8) 
thrown [s\src\hotspot\share\prims\jni.cpp, line 535]
Event: 93.901 Thread 0x00000234aac28020 Exception <a 'sun/nio/fs/WindowsException'{0x0000000088a74b20}> (0x0000000088a74b20) 
thrown [s\src\hotspot\share\prims\jni.cpp, line 535]
Event: 93.902 Thread 0x00000234aac28020 Exception <a 'sun/nio/fs/WindowsException'{0x0000000088a75d48}> (0x0000000088a75d48) 
thrown [s\src\hotspot\share\prims\jni.cpp, line 535]
Event: 93.903 Thread 0x00000234aac28020 Exception <a 'sun/nio/fs/WindowsException'{0x0000000088a769e8}> (0x0000000088a769e8) 
thrown [s\src\hotspot\share\prims\jni.cpp, line 535]
Event: 93.905 Thread 0x00000234aac28020 Exception <a 'sun/nio/fs/WindowsException'{0x0000000088a77810}> (0x0000000088a77810) 
thrown [s\src\hotspot\share\prims\jni.cpp, line 535]
Event: 93.907 Thread 0x00000234aac28020 Exception <a 'sun/nio/fs/WindowsException'{0x00000000883d01d8}> (0x00000000883d01d8) 
thrown [s\src\hotspot\share\prims\jni.cpp, line 535]
Event: 93.911 Thread 0x00000234aac28020 Exception <a 'sun/nio/fs/WindowsException'{0x00000000883d0f08}> (0x00000000883d0f08) 
thrown [s\src\hotspot\share\prims\jni.cpp, line 535]
Event: 93.915 Thread 0x00000234aac28020 Exception <a 'sun/nio/fs/WindowsException'{0x00000000883d1e48}> (0x00000000883d1e48) 
thrown [s\src\hotspot\share\prims\jni.cpp, line 535]
Event: 93.917 Thread 0x00000234aac28020 Exception <a 'sun/nio/fs/WindowsException'{0x00000000883d3000}> (0x00000000883d3000) 
thrown [s\src\hotspot\share\prims\jni.cpp, line 535]
Event: 93.918 Thread 0x00000234aa635f30 Exception <a 'sun/nio/fs/WindowsException'{0x00000000883a7200}> (0x00000000883a7200) 
thrown [s\src\hotspot\share\prims\jni.cpp, line 535]
Event: 93.924 Thread 0x00000234aac28020 Exception <a 'sun/nio/fs/WindowsException'{0x00000000883d42d0}> (0x00000000883d42d0) 
thrown [s\src\hotspot\share\prims\jni.cpp, line 535]
Event: 93.934 Thread 0x00000234aa62f1d0 Exception <a 'sun/nio/fs/WindowsException'{0x00000000883b9d38}> (0x00000000883b9d38) 
thrown [s\src\hotspot\share\prims\jni.cpp, line 535]

VM Operations (20 events):
Event: 84.875 Executing non-safepoint VM operation: HandshakeAllThreads (Deoptimize)
Event: 84.875 Executing non-safepoint VM operation: HandshakeAllThreads (Deoptimize) done
Event: 84.996 Executing non-safepoint VM operation: HandshakeAllThreads (Deoptimize)
Event: 84.996 Executing non-safepoint VM operation: HandshakeAllThreads (Deoptimize) done
Event: 85.082 Executing non-safepoint VM operation: HandshakeAllThreads (Deoptimize)
Event: 85.082 Executing non-safepoint VM operation: HandshakeAllThreads (Deoptimize) done
Event: 85.588 Executing non-safepoint VM operation: HandshakeAllThreads (Deoptimize)
Event: 85.588 Executing non-safepoint VM operation: HandshakeAllThreads (Deoptimize) done
Event: 85.710 Executing non-safepoint VM operation: HandshakeAllThreads (Deoptimize)
Event: 85.710 Executing non-safepoint VM operation: HandshakeAllThreads (Deoptimize) done
Event: 86.000 Executing non-safepoint VM operation: HandshakeAllThreads (Deoptimize)
Event: 86.001 Executing non-safepoint VM operation: HandshakeAllThreads (Deoptimize) done
Event: 86.243 Executing safepoint VM operation: G1CollectForAllocation (G1 Evacuation Pause)
Event: 86.265 Executing safepoint VM operation: G1CollectForAllocation (G1 Evacuation Pause) done
Event: 90.938 Executing safepoint VM operation: G1CollectForAllocation (G1 Evacuation Pause)
Event: 90.969 Executing safepoint VM operation: G1CollectForAllocation (G1 Evacuation Pause) done
Event: 91.302 Executing safepoint VM operation: G1PauseRemark
Event: 91.322 Executing safepoint VM operation: G1PauseRemark done
Event: 91.444 Executing safepoint VM operation: G1PauseCleanup
Event: 91.444 Executing safepoint VM operation: G1PauseCleanup done

Memory protections (0 events):
No events

Nmethod flushes (20 events):
Event: 91.320 Thread 0x0000023488e4cc60 flushing  nmethod 0x000002348ce22988
Event: 91.320 Thread 0x0000023488e4cc60 flushing  nmethod 0x000002348ce22c88
Event: 91.320 Thread 0x0000023488e4cc60 flushing  nmethod 0x000002348ce23108
Event: 91.320 Thread 0x0000023488e4cc60 flushing  nmethod 0x000002348ce25788
Event: 91.320 Thread 0x0000023488e4cc60 flushing  nmethod 0x000002348ce25f88
Event: 91.320 Thread 0x0000023488e4cc60 flushing  nmethod 0x000002348ce46908
Event: 91.320 Thread 0x0000023488e4cc60 flushing  nmethod 0x000002348ce47188
Event: 91.320 Thread 0x0000023488e4cc60 flushing  nmethod 0x000002348ce48c08
Event: 91.320 Thread 0x0000023488e4cc60 flushing  nmethod 0x000002348ce49388
Event: 91.320 Thread 0x0000023488e4cc60 flushing  nmethod 0x000002348ce6a908
Event: 91.320 Thread 0x0000023488e4cc60 flushing  nmethod 0x000002348ce6da08
Event: 91.320 Thread 0x0000023488e4cc60 flushing  nmethod 0x000002348ce6e188
Event: 91.320 Thread 0x0000023488e4cc60 flushing  nmethod 0x000002348ce6e588
Event: 91.320 Thread 0x0000023488e4cc60 flushing  nmethod 0x000002348ce85988
Event: 91.320 Thread 0x0000023488e4cc60 flushing  nmethod 0x000002348cec2008
Event: 91.320 Thread 0x0000023488e4cc60 flushing  nmethod 0x000002348cec5488
Event: 91.320 Thread 0x0000023488e4cc60 flushing  nmethod 0x000002348cec6088
Event: 91.320 Thread 0x0000023488e4cc60 flushing  nmethod 0x000002348cf56008
Event: 91.320 Thread 0x0000023488e4cc60 flushing  nmethod 0x000002348cf56688
Event: 91.320 Thread 0x0000023488e4cc60 flushing  nmethod 0x000002348cf56988

Events (20 events):
Event: 90.435 Thread 0x00000234a5b2b9e0 Thread added: 0x00000234aa6320b0
Event: 90.435 Thread 0x00000234a5b2b9e0 Thread added: 0x00000234aa632880
Event: 90.435 Thread 0x00000234a5b2b9e0 Thread added: 0x00000234aa633050
Event: 90.435 Thread 0x00000234a5b2b9e0 Thread added: 0x00000234aa62f9a0
Event: 90.435 Thread 0x00000234a5b2b9e0 Thread added: 0x00000234aa62f1d0
Event: 90.436 Thread 0x00000234a5b2b9e0 Thread added: 0x00000234aa630170
Event: 90.436 Thread 0x00000234a5b2b9e0 Thread added: 0x00000234aa633ff0
Event: 90.436 Thread 0x00000234a5b2b9e0 Thread added: 0x00000234aa6347c0
Event: 90.436 Thread 0x00000234a5b2b9e0 Thread added: 0x00000234aa634f90
Event: 90.436 Thread 0x00000234a5b2b9e0 Thread added: 0x00000234aa630940
Event: 90.436 Thread 0x00000234a5b2b9e0 Thread added: 0x00000234aac268b0
Event: 90.436 Thread 0x00000234a5b2b9e0 Thread added: 0x00000234aac2bea0
Event: 90.437 Thread 0x00000234a5b2b9e0 Thread added: 0x00000234aac27080
Event: 90.437 Thread 0x00000234a5b2b9e0 Thread added: 0x00000234aac2a730
Event: 90.437 Thread 0x00000234a5b2b9e0 Thread added: 0x00000234aac287f0
Event: 90.437 Thread 0x00000234a5b2b9e0 Thread added: 0x00000234aac28020
Event: 90.437 Thread 0x00000234a5b2b9e0 Thread added: 0x00000234aac2b6d0
Event: 90.437 Thread 0x00000234a5b2b9e0 Thread added: 0x00000234aac2c670
Event: 90.438 Thread 0x00000234a5b2b9e0 Thread added: 0x00000234aac27850
Event: 91.392 Thread 0x00000234a58f2060 Thread exited: 0x00000234a58f2060


Dynamic libraries:
0x00007ff7df7a0000 - 0x00007ff7df7aa000 	C:\Program Files\Android\Android Studio\jbr\bin\java.exe
0x00007ffa475f0000 - 0x00007ffa477e8000 	C:\WINDOWS\SYSTEM32\ntdll.dll
0x00007ffa45860000 - 0x00007ffa45922000 	C:\WINDOWS\System32\KERNEL32.DLL
0x00007ffa44ff0000 - 0x00007ffa452e6000 	C:\WINDOWS\System32\KERNELBASE.dll
0x00007ffa453c0000 - 0x00007ffa454c0000 	C:\WINDOWS\System32\ucrtbase.dll
0x00007ffa30e90000 - 0x00007ffa30ea6000 	C:\Program Files\Android\Android Studio\jbr\bin\jli.dll
0x00007ffa459e0000 - 0x00007ffa45b81000 	C:\WINDOWS\System32\USER32.dll
0x00007ffa44cb0000 - 0x00007ffa44cd2000 	C:\WINDOWS\System32\win32u.dll
0x00007ffa45610000 - 0x00007ffa4563b000 	C:\WINDOWS\System32\GDI32.dll
0x00007ffa44ce0000 - 0x00007ffa44df9000 	C:\WINDOWS\System32\gdi32full.dll
0x00007ffa2ea50000 - 0x00007ffa2eceb000 	C:\WINDOWS\WinSxS\amd64_microsoft.windows.common-controls_6595b64144ccf1df_6.0.19041.6456_none_60b8a6cb71f64256\COMCTL32.dll
0x00007ffa45570000 - 0x00007ffa4560d000 	C:\WINDOWS\System32\msvcp_win.dll
0x00007ffa3c800000 - 0x00007ffa3c81b000 	C:\Program Files\Android\Android Studio\jbr\bin\VCRUNTIME140.dll
0x00007ffa47510000 - 0x00007ffa475ae000 	C:\WINDOWS\System32\msvcrt.dll
0x00007ffa46b80000 - 0x00007ffa46baf000 	C:\WINDOWS\System32\IMM32.DLL
0x00007ffa3dab0000 - 0x00007ffa3dabc000 	C:\Program Files\Android\Android Studio\jbr\bin\vcruntime140_1.dll
0x00007ffa19560000 - 0x00007ffa195ed000 	C:\Program Files\Android\Android Studio\jbr\bin\msvcp140.dll
0x00007ff9e59f0000 - 0x00007ff9e68ca000 	C:\Program Files\Android\Android Studio\jbr\bin\server\jvm.dll
0x00007ffa46160000 - 0x00007ffa46211000 	C:\WINDOWS\System32\ADVAPI32.dll
0x00007ffa46bd0000 - 0x00007ffa46c6f000 	C:\WINDOWS\System32\sechost.dll
0x00007ffa46f80000 - 0x00007ffa470a0000 	C:\WINDOWS\System32\RPCRT4.dll
0x00007ffa44c80000 - 0x00007ffa44ca7000 	C:\WINDOWS\System32\bcrypt.dll
0x00007ffa46b10000 - 0x00007ffa46b7b000 	C:\WINDOWS\System32\WS2_32.dll
0x00007ffa44ae0000 - 0x00007ffa44b2b000 	C:\WINDOWS\SYSTEM32\POWRPROF.dll
0x00007ffa2c330000 - 0x00007ffa2c357000 	C:\WINDOWS\SYSTEM32\WINMM.dll
0x00007ffa37760000 - 0x00007ffa3776a000 	C:\WINDOWS\SYSTEM32\VERSION.dll
0x00007ffa44ac0000 - 0x00007ffa44ad2000 	C:\WINDOWS\SYSTEM32\UMPDC.dll
0x00007ffa43490000 - 0x00007ffa434a2000 	C:\WINDOWS\SYSTEM32\kernel.appcore.dll
0x00007ffa3d930000 - 0x00007ffa3d93a000 	C:\Program Files\Android\Android Studio\jbr\bin\jimage.dll
0x00007ffa42950000 - 0x00007ffa42b51000 	C:\WINDOWS\SYSTEM32\DBGHELP.DLL
0x00007ffa2fda0000 - 0x00007ffa2fdd4000 	C:\WINDOWS\SYSTEM32\dbgcore.DLL
0x00007ffa44e00000 - 0x00007ffa44e82000 	C:\WINDOWS\System32\bcryptPrimitives.dll
0x00007ffa3ef70000 - 0x00007ffa3ef7e000 	C:\Program Files\Android\Android Studio\jbr\bin\instrument.dll
0x00007ffa3c7d0000 - 0x00007ffa3c7ef000 	C:\Program Files\Android\Android Studio\jbr\bin\java.dll
0x00007ffa46db0000 - 0x00007ffa46edb000 	C:\WINDOWS\System32\ole32.dll
0x00007ffa45e00000 - 0x00007ffa46154000 	C:\WINDOWS\System32\combase.dll
0x00007ffa463a0000 - 0x00007ffa46b10000 	C:\WINDOWS\System32\SHELL32.dll
0x00007ffa350f0000 - 0x00007ffa35107000 	C:\Program Files\Android\Android Studio\jbr\bin\zip.dll
0x00007ffa42cd0000 - 0x00007ffa43475000 	C:\WINDOWS\SYSTEM32\windows.storage.dll
0x00007ffa44640000 - 0x00007ffa4466b000 	C:\WINDOWS\SYSTEM32\Wldp.dll
0x00007ffa462d0000 - 0x00007ffa4639d000 	C:\WINDOWS\System32\OLEAUT32.dll
0x00007ffa46220000 - 0x00007ffa462cd000 	C:\WINDOWS\System32\SHCORE.dll
0x00007ffa45b90000 - 0x00007ffa45beb000 	C:\WINDOWS\System32\shlwapi.dll
0x00007ffa44bb0000 - 0x00007ffa44bd4000 	C:\WINDOWS\SYSTEM32\profapi.dll
0x00007ffa3dac0000 - 0x00007ffa3dad0000 	C:\Program Files\Android\Android Studio\jbr\bin\net.dll
0x00007ffa44330000 - 0x00007ffa4439a000 	C:\WINDOWS\system32\mswsock.dll
0x00007ffa34f30000 - 0x00007ffa34f46000 	C:\Program Files\Android\Android Studio\jbr\bin\nio.dll
0x00007ffa31f20000 - 0x00007ffa31f30000 	C:\Program Files\Android\Android Studio\jbr\bin\verify.dll
0x00007ffa244f0000 - 0x00007ffa24517000 	C:\Users\Alumno\.gradle\native\660c5614fbf4a5f2a75b1949f50a0caf5cd603558e7d8a26e50b933a0cfb79d1\windows-amd64\native-platform.dll
0x00007ffa17410000 - 0x00007ffa17487000 	C:\Users\Alumno\.gradle\native\0.2.8\x86_64-windows-gnu\gradle-fileevents.dll
0x00007ffa34f60000 - 0x00007ffa34f69000 	C:\Program Files\Android\Android Studio\jbr\bin\management.dll
0x00007ffa34de0000 - 0x00007ffa34deb000 	C:\Program Files\Android\Android Studio\jbr\bin\management_ext.dll
0x00007ffa46ef0000 - 0x00007ffa46ef8000 	C:\WINDOWS\System32\PSAPI.DLL
0x00007ffa44010000 - 0x00007ffa4404b000 	C:\WINDOWS\SYSTEM32\IPHLPAPI.DLL
0x00007ffa45640000 - 0x00007ffa45648000 	C:\WINDOWS\System32\NSI.dll
0x00007ffa35190000 - 0x00007ffa35199000 	C:\Program Files\Android\Android Studio\jbr\bin\extnet.dll
0x00007ffa44520000 - 0x00007ffa44538000 	C:\WINDOWS\SYSTEM32\CRYPTSP.dll
0x00007ffa43c50000 - 0x00007ffa43c88000 	C:\WINDOWS\system32\rsaenh.dll
0x00007ffa44b70000 - 0x00007ffa44b9e000 	C:\WINDOWS\SYSTEM32\USERENV.dll
0x00007ffa44540000 - 0x00007ffa4454c000 	C:\WINDOWS\SYSTEM32\CRYPTBASE.dll
0x00007ffa3e460000 - 0x00007ffa3e467000 	C:\WINDOWS\system32\wshunix.dll
0x00007ffa43ea0000 - 0x00007ffa43ed3000 	C:\WINDOWS\SYSTEM32\ntmarta.dll
0x00007ffa44050000 - 0x00007ffa4411a000 	C:\WINDOWS\SYSTEM32\DNSAPI.dll
0x00007ffa32320000 - 0x00007ffa3232a000 	C:\Windows\System32\rasadhlp.dll
0x00007ffa32870000 - 0x00007ffa328f0000 	C:\WINDOWS\System32\fwpuclnt.dll

JVMTI agents:
C:\Users\Alumno\.gradle\wrapper\dists\gradle-9.5.0-bin\bvnork1r7n8i6kp5cnkibsc9q\gradle-9.5.0\lib\agents\gradle-instrumentation-agent-9.5.0.jar path:C:\Program Files\Android\Android Studio\jbr\bin\instrument.dll, loaded, initialized, instrumentlib options:none

dbghelp: loaded successfully - version: 4.0.5 - missing functions: none
symbol engine: initialized successfully - sym options: 0x614 - pdb path: .;C:\Program Files\Android\Android Studio\jbr\bin;C:\WINDOWS\SYSTEM32;C:\WINDOWS\WinSxS\amd64_microsoft.windows.common-controls_6595b64144ccf1df_6.0.19041.6456_none_60b8a6cb71f64256;C:\Program Files\Android\Android Studio\jbr\bin\server;C:\Users\Alumno\.gradle\native\660c5614fbf4a5f2a75b1949f50a0caf5cd603558e7d8a26e50b933a0cfb79d1\windows-amd64;C:\Users\Alumno\.gradle\native\0.2.8\x86_64-windows-gnu

VM Arguments:
jvm_args: --add-opens=java.base/java.lang=ALL-UNNAMED --add-opens=java.base/java.lang.invoke=ALL-UNNAMED --add-opens=java.base/java.util=ALL-UNNAMED --add-opens=java.prefs/java.util.prefs=ALL-UNNAMED --add-exports=jdk.compiler/com.sun.tools.javac.api=ALL-UNNAMED --add-exports=jdk.compiler/com.sun.tools.javac.util=ALL-UNNAMED --add-opens=java.base/java.nio.charset=ALL-UNNAMED --add-opens=java.base/java.net=ALL-UNNAMED --add-opens=java.base/java.util.concurrent=ALL-UNNAMED --add-opens=java.base/java.util.concurrent.atomic=ALL-UNNAMED --add-opens=java.xml/javax.xml.namespace=ALL-UNNAMED --add-opens=java.base/java.time=ALL-UNNAMED --enable-native-access=ALL-UNNAMED -Xmx2048m -Dfile.encoding=UTF-8 -Duser.country=CL -Duser.language=es -Duser.variant -javaagent:C:\Users\Alumno\.gradle\wrapper\dists\gradle-9.5.0-bin\bvnork1r7n8i6kp5cnkibsc9q\gradle-9.5.0\lib\agents\gradle-instrumentation-agent-9.5.0.jar 
java_command: org.gradle.launcher.daemon.bootstrap.GradleDaemon 9.5.0
java_class_path (initial): C:\Users\Alumno\.gradle\wrapper\dists\gradle-9.5.0-bin\bvnork1r7n8i6kp5cnkibsc9q\gradle-9.5.0\lib\gradle-daemon-main-9.5.0.jar
Launcher Type: SUN_STANDARD

[Global flags]
     intx CICompilerCount                          = 3                                         {product} {ergonomic}
     uint ConcGCThreads                            = 1                                         {product} {ergonomic}
     uint G1ConcRefinementThreads                  = 4                                         {product} {ergonomic}
   size_t G1HeapRegionSize                         = 1048576                                   {product} {ergonomic}
   size_t InitialHeapSize                          = 67108864                                  {product} {ergonomic}
   size_t MarkStackSize                            = 4194304                                   {product} {ergonomic}
   size_t MarkStackSizeMax                         = 536870912                                 {product} {ergonomic}
   size_t MaxHeapSize                              = 2147483648                                {product} {command line}
   size_t MaxNewSize                               = 1287651328                                {product} {ergonomic}
   size_t MinHeapDeltaBytes                        = 1048576                                   {product} {ergonomic}
   size_t MinHeapSize                              = 8388608                                   {product} {ergonomic}
    uintx NonNMethodCodeHeapSize                   = 5832704                                {pd product} {ergonomic}
    uintx NonProfiledCodeHeapSize                  = 122945536                              {pd product} {ergonomic}
    uintx ProfiledCodeHeapSize                     = 122880000                              {pd product} {ergonomic}
    uintx ReservedCodeCacheSize                    = 251658240                              {pd product} {ergonomic}
     bool SegmentedCodeCache                       = true                                      {product} {ergonomic}
   size_t SoftMaxHeapSize                          = 2147483648                             {manageable} {ergonomic}
     bool UseCompressedOops                        = true                           {product lp64_product} {ergonomic}
     bool UseG1GC                                  = true                                      {product} {ergonomic}
     bool UseLargePagesIndividualAllocation        = false                                  {pd product} {ergonomic}

Logging:
Log output configuration:
 #0: stdout all=warning uptime,level,tags foldmultilines=false
 #1: stderr all=off uptime,level,tags foldmultilines=false

Release file:
JAVA_VERSION="25.0.2" 
MODULES="java.base java.compiler java.datatransfer java.xml java.prefs java.desktop java.instrument java.logging java.management java.security.sasl java.naming java.rmi java.management.rmi java.net.http java.scripting java.security.jgss java.transaction.xa java.sql java.sql.rowset java.xml.crypto java.se java.smartcardio jdk.accessibility jdk.internal.jvmstat jdk.attach jdk.charsets jdk.internal.opt jdk.zipfs jdk.compiler jdk.crypto.cryptoki jdk.crypto.ec jdk.dynalink jdk.hotspot.agent jdk.httpserver jdk.internal.ed jdk.internal.le jdk.internal.md jdk.internal.vm.ci jdk.jartool jdk.javadoc jdk.jcmd jdk.jdeps jdk.jdwp.agent jdk.jdi jdk.jfr jdk.jlink jdk.localedata jdk.management jdk.management.agent jdk.management.jfr jdk.naming.dns jdk.naming.rmi jdk.net jdk.sctp jdk.security.auth jdk.security.jgss jdk.unsupported jdk.unsupported.desktop jdk.xml.dom" 
IMPLEMENTOR="JetBrains s.r.o." 
JAVA_RUNTIME_VERSION="25.0.2+-15348964-b329.117" 
LIBC="default" 
OS_ARCH="x86_64" 
OS_NAME="Windows" 
SOURCE=".:git:3cf398e84a39" 

Environment Variables:
PATH=C:\Program Files\Common Files\Oracle\Java\javapath;C:\Program Files (x86)\Common Files\Oracle\Java\javapath;C:\ProgramData\Oracle\Java\javapath;C:\Program Files (x86)\Intel\iCLS Client\;C:\Program Files\Intel\iCLS Client\;C:\WINDOWS\system32;C:\WINDOWS;C:\WINDOWS\System32\Wbem;C:\WINDOWS\System32\WindowsPowerShell\v1.0\;C:\Program Files (x86)\Intel\Intel(R) Management Engine Components\DAL;C:\Program Files\Intel\Intel(R) Management Engine Components\DAL;C:\Program Files (x86)\Intel\Intel(R) Management Engine Components\IPT;C:\Program Files\Intel\Intel(R) Management Engine Components\IPT;C:\Program Files (x86)\Windows Live\Shared;C:\WINDOWS\System32\OpenSSH\;C:\Users\Alumno\AppData\Local\Programs\Python\Python311\;C:\Users\Alumno\AppData\Local\Programs\Python\Python311\Scripts\;C:\Program Files\Git\cmd;C:\Program Files\Microsoft SQL Server\170\Tools\Binn\;C:\Program Files\Microsoft SQL Server\Client SDK\ODBC\170\Tools\Binn\;C:\Program Files (x86)\Microsoft SQL Server\150\Tools\Binn\;C:\Program Files\Microsoft SQL Server\150\Tools\Binn\;C:\Program Files\Microsoft SQL Server\150\DTS\Binn\;C:\Program Files\nodejs\;C:\ProgramData\chocolatey\bin;C:\Program Files\dotnet\;C:\Users\Alumno\AppData\Local\Programs\Python\Python311\Scripts\;C:\Users\Alumno\AppData\Local\Programs\Python\Python311\;C:\Users\Alumno\AppData\Local\Programs\Python\Launcher\;C:\Users\Alumno\AppData\Local\Microsoft\WindowsApps;C:\Users\Alumno\AppData\Local\Programs\Microsoft VS Code\bin;C:\Users\Alumno\AppData\Roaming\npm
USERNAME=Alumno
OS=Windows_NT
PROCESSOR_IDENTIFIER=Intel64 Family 6 Model 142 Stepping 9, GenuineIntel
TMP=C:\Users\Alumno\AppData\Local\Temp
TEMP=C:\Users\Alumno\AppData\Local\Temp




Compilation memory statistics disabled.

Periodic native trim disabled

JNI global refs:
JNI global refs: 22, weak refs: 0

JNI global refs memory usage: 835, weak refs: 833

Process memory usage:
Resident Set Size: 340176K (8% of 4077796K total physical memory with 282228K free physical memory)

OOME stack traces (most recent first):
Classloader memory used:
Loader org.gradle.internal.classloader.VisitableURLClassLoader                         : 43106 K
Loader bootstrap                                                                       : 31432 K
Loader org.gradle.initialization.MixInLegacyTypesClassLoader                           : 10845 K
Loader jdk.internal.loader.ClassLoaders$AppClassLoader                                 : 7817 K
Loader org.gradle.internal.classloader.VisitableURLClassLoader                         : 964 K
Loader org.gradle.internal.classloader.VisitableURLClassLoader$InstrumentingVisitableURLClassLoader: 711 K
Loader jdk.internal.loader.ClassLoaders$PlatformClassLoader                            : 628 K
Loader org.gradle.groovy.scripts.internal.DefaultScriptCompilationHandler$ScriptClassLoader: 152 K
Loader groovy.lang.GroovyClassLoader$InnerLoader                                       : 17312 B

Classes loaded by more than one classloader:
Class org.gradle.internal.IoActions                                                   : loaded 3 times (x 73B)
Class org.gradle.api.Action                                                           : loaded 3 times (x 72B)
Class org.gradle.internal.Cast                                                        : loaded 3 times (x 73B)
Class org.gradle.api.GradleException                                                  : loaded 3 times (x 84B)
Class org.gradle.internal.operations.MultipleBuildOperationFailures                   : loaded 2 times (x 97B)
Class org.gradle.internal.classloader.DefaultClassLoaderFactory                       : loaded 2 times (x 84B)
Class kotlin.collections.AbstractList$Companion                                       : loaded 2 times (x 73B)
Class sync_studio_tooling_6kgs5iwob1v0zbiaxw6ilcl7h                                   : loaded 2 times (x 173B)
Class org.gradle.tooling.internal.gradle.DefaultProjectIdentifier                     : loaded 2 times (x 88B)
Class sync_studio_tooling_6kgs5iwob1v0zbiaxw6ilcl7h$_run_closure1                     : loaded 2 times (x 140B)
Class org.gradle.api.internal.DefaultClassPathProvider                                : loaded 2 times (x 78B)
Class [Lorg.gradle.api.internal.ClassPathProvider;                                    : loaded 2 times (x 71B)
Class org.gradle.api.internal.ClassPathProvider                                       : loaded 2 times (x 72B)
Class org.gradle.internal.service.UnknownServiceException                             : loaded 2 times (x 85B)
Class org.gradle.internal.classpath.TransformedClassPath                              : loaded 2 times (x 98B)
Class org.gradle.internal.classloader.InstrumentingClassLoader                        : loaded 2 times (x 72B)
Class com.google.common.collect.Iterators$ArrayItr                                    : loaded 2 times (x 99B)
Class kotlin.enums.EnumEntriesList                                                    : loaded 2 times (x 225B)
Class _BuildScript_                                                                   : loaded 2 times (x 168B)
Class com.google.common.collect.UnmodifiableIterator                                  : loaded 2 times (x 82B)
Class org.gradle.internal.service.ServiceLocator                                      : loaded 2 times (x 72B)
Class com.intellij.gradle.toolingExtension.util.GradleVersionUtil                     : loaded 2 times (x 73B)
Class com.google.common.collect.Iterators$SingletonIterator                           : loaded 2 times (x 83B)
Class org.gradle.tooling.model.UnsupportedMethodException                             : loaded 2 times (x 84B)
Class com.google.common.collect.Iterators                                             : loaded 2 times (x 73B)
Class com.google.common.collect.Lists$StringAsImmutableList                           : loaded 2 times (x 209B)
Class org.gradle.internal.time.DefaultTimer                                           : loaded 2 times (x 82B)
Class org.gradle.api.internal.classpath.DefaultModuleRegistry$DefaultModule           : loaded 2 times (x 84B)
Class com.google.common.collect.AbstractIterator                                      : loaded 2 times (x 84B)
Class com.google.common.collect.AbstractIndexedListIterator                           : loaded 2 times (x 98B)
Class org.gradle.internal.time.DefaultCountdownTimer                                  : loaded 2 times (x 90B)
Class org.gradle.tooling.internal.gradle.DefaultBuildIdentifier                       : loaded 2 times (x 81B)
Class org.gradle.api.internal.classpath.Module                                        : loaded 2 times (x 72B)
Class org.gradle.api.internal.classpath.UnknownModuleException                        : loaded 2 times (x 84B)
Class org.gradle.tooling.internal.gradle.GradleProjectIdentity                        : loaded 2 times (x 72B)
Class org.gradle.api.internal.DefaultClassPathRegistry                                : loaded 2 times (x 78B)
Class ijInit1_4ixngl46qlqas6odfbwelap1a$_run_closure1                                 : loaded 2 times (x 141B)
Class org.gradle.internal.classpath.DefaultClassPath$ImmutableUniqueList              : loaded 2 times (x 201B)
Class org.gradle.api.internal.ClassPathRegistry                                       : loaded 2 times (x 72B)
Class org.gradle.internal.classpath.ClassPath                                         : loaded 2 times (x 72B)
Class org.gradle.api.internal.classpath.DefaultModuleRegistry$DefaultModuleAlias      : loaded 2 times (x 82B)
Class com.google.common.collect.Iterators$1                                           : loaded 2 times (x 83B)
Class org.gradle.tooling.model.Model                                                  : loaded 2 times (x 72B)
Class com.google.common.collect.UnmodifiableListIterator                              : loaded 2 times (x 97B)
Class _BuildScript_$_run_closure1                                                     : loaded 2 times (x 133B)
Class com.google.common.collect.Iterators$4                                           : loaded 2 times (x 84B)
Class org.gradle.api.internal.classpath.ModuleRegistry                                : loaded 2 times (x 72B)
Class org.gradle.internal.installation.GradleInstallation$1                           : loaded 2 times (x 77B)
Class com.google.common.collect.Iterators$5                                           : loaded 2 times (x 84B)
Class com.google.common.collect.ImmutableCollection                                   : loaded 2 times (x 127B)
Class org.gradle.tooling.model.idea.BasicIdeaProject                                  : loaded 2 times (x 72B)
Class org.gradle.api.internal.classpath.DefaultModuleRegistry                         : loaded 2 times (x 86B)
Class com.google.common.collect.Lists                                                 : loaded 2 times (x 73B)
Class com.google.common.collect.Iterators$9                                           : loaded 2 times (x 83B)
Class org.gradle.tooling.model.GradleProject                                          : loaded 2 times (x 72B)
Class org.gradle.internal.time.MonotonicClock                                         : loaded 2 times (x 79B)
Class org.gradle.internal.service.ServiceLookupException                              : loaded 2 times (x 84B)
Class org.gradle.internal.classloader.ClassLoaderFactory                              : loaded 2 times (x 72B)
Class org.gradle.internal.service.CachingServiceLocator                               : loaded 2 times (x 84B)
Class org.gradle.internal.time.TimeSource                                             : loaded 2 times (x 72B)
Class org.gradle.tooling.internal.gradle.GradleBuildIdentity                          : loaded 2 times (x 72B)
Class kotlin.enums.EnumEntries                                                        : loaded 2 times (x 72B)
Class org.gradle.internal.exceptions.ResolutionProvider                               : loaded 2 times (x 72B)
Class org.gradle.tooling.model.ProjectIdentifier                                      : loaded 2 times (x 72B)
Class org.gradle.internal.classloader.ClasspathUtil                                   : loaded 2 times (x 73B)
Class org.gradle.internal.time.TimeSource$1                                           : loaded 2 times (x 79B)
Class kotlin.jvm.internal.DefaultConstructorMarker                                    : loaded 2 times (x 73B)
Class org.gradle.api.specs.Spec                                                       : loaded 2 times (x 72B)
Class com.intellij.gradle.toolingExtension.impl.model.utilDummyModel.DummyModel       : loaded 2 times (x 72B)
Class org.gradle.internal.time.Clock                                                  : loaded 2 times (x 72B)
Class org.gradle.tooling.model.BuildModel                                             : loaded 2 times (x 72B)
Class org.gradle.tooling.model.Element                                                : loaded 2 times (x 72B)
Class kotlin.collections.AbstractList                                                 : loaded 2 times (x 199B)
Class kotlin.collections.AbstractCollection                                           : loaded 2 times (x 119B)
Class org.gradle.internal.classloader.VisitableURLClassLoader$InstrumentingVisitableURLClassLoader: loaded 2 times (x 124B)
Class org.gradle.internal.classloader.VisitableURLClassLoader$Spec                    : loaded 2 times (x 76B)
Class org.gradle.internal.classpath.DefaultClassPath                                  : loaded 2 times (x 92B)
Class org.gradle.util.internal.DefaultGradleVersion                                   : loaded 2 times (x 84B)
Class org.gradle.internal.classloader.ClassLoaderSpec                                 : loaded 2 times (x 73B)
Class org.gradle.api.internal.classpath.Module$ModuleAlias                            : loaded 2 times (x 72B)
Class org.gradle.internal.classloader.VisitableURLClassLoader                         : loaded 2 times (x 118B)
Class org.gradle.internal.classloader.ClassLoaderHierarchy                            : loaded 2 times (x 72B)
Class org.gradle.internal.classloader.FilteringClassLoader                            : loaded 2 times (x 106B)
Class org.gradle.tooling.model.eclipse.EclipseProject                                 : loaded 2 times (x 72B)
Class org.gradle.internal.classpath.DefaultClassPath$ImmutableUniqueList$Builder      : loaded 2 times (x 77B)
Class kotlin.UninitializedPropertyAccessException                                     : loaded 2 times (x 84B)
Class org.gradle.internal.exceptions.NonGradleCauseExceptionsHolder                   : loaded 2 times (x 72B)
Class settings_4hg00fvl1h47vhik4y73lpgi2                                              : loaded 2 times (x 173B)
Class org.gradle.tooling.model.eclipse.HierarchicalEclipseProject                     : loaded 2 times (x 72B)
Class settings_4hg00fvl1h47vhik4y73lpgi2$_run_closure1                                : loaded 2 times (x 140B)
Class kotlin.NotImplementedError                                                      : loaded 2 times (x 84B)
Class kotlin.enums.EnumEntriesKt                                                      : loaded 2 times (x 73B)
Class org.gradle.internal.exceptions.MultiCauseException                              : loaded 2 times (x 72B)
Class org.gradle.internal.time.CountdownTimer                                         : loaded 2 times (x 72B)
Class kotlin.jvm.internal.Intrinsics                                                  : loaded 2 times (x 73B)
Class org.gradle.tooling.model.ProjectModel                                           : loaded 2 times (x 72B)
Class org.gradle.tooling.model.gradle.GradleBuild                                     : loaded 2 times (x 72B)
Class kotlin.KotlinNullPointerException                                               : loaded 2 times (x 84B)
Class org.gradle.internal.exceptions.DefaultMultiCauseException                       : loaded 2 times (x 97B)
Class com.google.common.base.Preconditions                                            : loaded 2 times (x 73B)
Class ijInit1_4ixngl46qlqas6odfbwelap1a                                               : loaded 2 times (x 173B)
Class org.gradle.tooling.model.HierarchicalElement                                    : loaded 2 times (x 72B)
Class com.google.common.collect.PeekingIterator                                       : loaded 2 times (x 72B)
Class org.gradle.internal.time.Time                                                   : loaded 2 times (x 73B)
Class org.gradle.tooling.model.BuildIdentifier                                        : loaded 2 times (x 72B)
Class kotlin.NoWhenBranchMatchedException                                             : loaded 2 times (x 84B)
Class org.gradle.tooling.model.BuildableElement                                       : loaded 2 times (x 72B)
Class org.gradle.tooling.model.HasGradleProject                                       : loaded 2 times (x 72B)
Class org.gradle.internal.time.Timer                                                  : loaded 2 times (x 72B)
Class kotlin.jvm.internal.markers.KMappedMarker                                       : loaded 2 times (x 72B)
Class org.gradle.internal.installation.CurrentGradleInstallationLocator               : loaded 2 times (x 73B)
Class com.google.common.collect.ImmutableList                                         : loaded 2 times (x 208B)
Class org.gradle.tooling.model.idea.IdeaProject                                       : loaded 2 times (x 72B)
Class org.gradle.internal.service.DefaultServiceLocator                               : loaded 2 times (x 85B)
Class org.gradle.util.GradleVersion                                                   : loaded 2 times (x 83B)
Class org.gradle.internal.installation.CurrentGradleInstallation                      : loaded 2 times (x 75B)
Class org.gradle.tooling.model.gradle.ProjectPublications                             : loaded 2 times (x 72B)
Class org.gradle.util.internal.GUtil                                                  : loaded 2 times (x 73B)
Class com.google.common.collect.Iterators$MergingIterator                             : loaded 2 times (x 83B)
Class org.gradle.internal.installation.GradleInstallation                             : loaded 2 times (x 77B)

---------------  S Y S T E M  ---------------

OS:
 Windows 10 , 64 bit Build 19041 (10.0.19041.5915)
OS uptime: 36 days 0:57 hours

CPU: total 4 (initial active 4) (2 cores per cpu, 2 threads per core) family 6 model 142 stepping 9 microcode 0xb4, cx8, cmov, fxsr, ht, mmx, 3dnowpref, sse, sse2, sse3, ssse3, sse4.1, sse4.2, popcnt, lzcnt, tsc, tscinvbit, aes, erms, clmul, clflush, clflushopt, rdtscp
Processor Information for the first 4 processors :
  Max Mhz: 2304, Current Mhz: 2304, Mhz Limit: 2304

Memory: 4k page, system-wide physical 3982M (291M free)
TotalPageFile size 8078M (AvailPageFile size 1M)
current process WorkingSet (physical memory assigned to process): 332M, peak: 332M
current process commit charge ("private bytes"): 424M, peak: 430M

vm_info: OpenJDK 64-Bit Server VM (25.0.2+-15348964-b329.117) for windows-amd64 JRE (25.0.2+-15348964-b329.117), built on 2026-05-05T18:25:19Z with MS VC++ 16.10 / 16.11 (VS2019)

END.
